itemId,title,primaryCategory,sellingState,listingType,subtitle
111109944082,"
Tortoise - ""Medium Tortoise"" - Hand Cast Stone Garden Ornament - 7 inch long
","
Statues & Lawn Ornaments
",Active,StoreInventory,NULL
111131630476,"
Dog - ""Small Sitting Boxer Dog"" - Hand Cast Stone Garden Ornament - 6 inch tall
","
Statues & Lawn Ornaments
",Active,StoreInventory,NULL
111143973175,"Digger dog Jack Russel garden ornament.","
Statues & Lawn Ornaments
",Active,FixedPrice,NULL
111376060817,"
Squirrel - ""Bushy Tail with Nuts"" - Hand Cast Stone Garden Ornament - 6 in tall
","
Statues & Lawn Ornaments
",Active,StoreInventory,NULL
111622548279,"
CUBE RATTAN GARDEN FURNITURE SET CHAIRS SOFA TABLE OUTDOOR PATIO WICKER 10 SEATS
","
Furniture Sets
",Active,StoreInventory,"CHEAPEST IN THE UK - JANUARY SALE - LIMITED STOCK"
111684918215,"
Ivy-Fairy Garden Ornament-Gargoyle-Sculpture Stone Statue-Puk-Wood Sprite-Gift
","
Statues & Lawn Ornaments
",Active,StoreInventory,NULL
111693385875,"
Tropicana 5 Piece Hardwood Garden Furniture Set (FSWSET3) **SALE PRICE**
","
Furniture Sets
",Active,StoreInventory,NULL
111826407512,"
Fairy Garden-Pixie House-Garden Ornament-Stone-Gift-Oak Lodge
","
Fairies/Pixies
",Active,StoreInventory,NULL
111834958064,"
Fairy Garden-Garden Ornament-Sculpture-Stone-Statue-Pair of Garden Mushrooms
","
Fairies/Pixies
",Active,StoreInventory,NULL
111872925822,"
Jasper-March Moon Gazing Hare-Garden Ornament-Rabbit-Sculpture Stone Statue
","
Statues & Lawn Ornaments
",Active,StoreInventory,NULL
111899676332,"Quirky Cat or Dog Garden Ornament","
Statues & Lawn Ornaments
",Active,FixedPrice,NULL
111903027846,"
Erin-Fairy Garden Ornament-Sculpture-Stone-Decorative Gift
","
Fairies/Pixies
",Active,StoreInventory,NULL
111946424262,"
Amelia-Fairy Garden Ornament-Sculpture-Stone Statue-Decorative Gift
","
Fairies/Pixies
",Active,StoreInventory,NULL
111953764389,"
Alice's Adventures in Wonderland/Alice/Stone Garden Ornament/Sculpture
","
Statues & Lawn Ornaments
",Active,StoreInventory,NULL
111953765224,"
Alice's Adventures in Wonderland/Cheshire Cat & Table/Garden Ornament/Sculpture
","
Statues & Lawn Ornaments
",Active,StoreInventory,NULL
111970192262,"
Alice's Adventures in Wonderland/Mad Hatter/Garden Ornament/Sculpture/Stone
","
Statues & Lawn Ornaments
",Active,StoreInventory,NULL
111985746876,"
The Small Elephant Set 3 piece Hand Cast Stone Garden Ornament - Max Size 12 cms
","
Statues & Lawn Ornaments
",Active,StoreInventory,NULL
111986186658,"
Foxglove-Fairy Garden Ornament-Gargoyle-Sculpture Stone Statue-Decorative Gift
","
Statues & Lawn Ornaments
",Active,StoreInventory,NULL
111991713131,"
Fairy Garden-Garden Ornament-Fairy House-Pixie House-Stone-Tip Toe Tower
","
Statues & Lawn Ornaments
",Active,StoreInventory,NULL
112060047655,"
James-Dragon Garden Ornament-Gargoyle-Sculpture Stone Statue-Decorative Gift
","
Statues & Lawn Ornaments
",Active,StoreInventory,NULL
112065934697,"
Ornamental Garden Decorative Female Heron - Relistic Metal Bird Statue
","
Statues & Lawn Ornaments
",Active,FixedPrice,NULL
112065934932,"
Ornamental Garden Decorative Chicken - Relistic Metal Bird Statue
","
Statues & Lawn Ornaments
",Active,FixedPrice,NULL
112086533509,"
Alice in Wonderland Set/Garden Ornament/Sculpture/Stone/Gift/Mad Hatters T Party
","
Statues & Lawn Ornaments
",Active,StoreInventory,NULL
112171026023,"
The Queen of Hearts/Alice's adventures in wonderland/garden ornament/stone/gift
","
Statues & Lawn Ornaments
",Active,StoreInventory,NULL
112172828166,"Pair Of Magical Forest Fairy Garden Ornament","
Fairies/Pixies
",Active,StoreInventory,NULL
112185138180,"
Classical Diana Bust Garden Statue Made from Reconstituted Stone.
","
Statues & Lawn Ornaments
",Active,FixedPrice,NULL
112188949685,"
Magical Fairy Garden Stone Garden Ornament 2 Designs
","
Statues & Lawn Ornaments
",Active,StoreInventory,NULL
112217612356,"
SET of 3 SMALL WISE BUDDHAS SEE HEAR SPEAK NO EVIL Stone Garden Ornament Statue
","
Statues & Lawn Ornaments
",Active,StoreInventory,NULL
112220259827,"
KISSING CHERUBS STONE GARDEN ORNAMENT CONCRETE STATUE
","
Statues & Lawn Ornaments
",Active,FixedPrice,NULL
112225724664,"
LOTUS BUDDHA AMAZING LARGE Statue Stone Cast Handmade Garden Ornament Oriental
","
Statues & Lawn Ornaments
",Active,StoreInventory,NULL
112227207217,"
BEAUTIFUL SQUARE COLUMN PLINTH Decor Stand Garden Patio Stone Bespoke Statue
","
Statues & Lawn Ornaments
",Active,StoreInventory,NULL
112227951603,"
BEAUTIFUL FANCY COLUMN Decor Stand Garden Patio Stone Bespoke Ornament Statue
","
Statues & Lawn Ornaments
",Active,StoreInventory,NULL
112232876048,"
SMALL ROUND COLUMN Decor Garden Patio Stone Bespoke Ornament Statue
","
Statues & Lawn Ornaments
",Active,StoreInventory,NULL
112238398440,"
LION WITH SHIELD Bespoke Stone Garden Gate Decor Handmade Cast Animal Statue Orn
","
Statues & Lawn Ornaments
",Active,StoreInventory,NULL
112247915747,"VW BEETLE CLASSIC CAR GARDEN ORNAMENT**OFFICE","
Statues & Lawn Ornaments
",Active,FixedPrice,NULL
112259640711,"STUNNING MEERKAT ** GARDEN ORNAMENT**GIFT**","
Statues & Lawn Ornaments
",Active,FixedPrice,NULL
112260590952,"
The Library+Step Stones-Fairy Garden-Garden Ornament-Fairy House-Stone
","
Statues & Lawn Ornaments
",Active,StoreInventory,NULL
112262290462,"Melbourne four piece garden/patio set BNIB","
Furniture Sets
",Active,FixedPrice,NULL
112262827183,"Metal Sheep Garden Ornaments","
Statues & Lawn Ornaments
",Active,StoreInventory,NULL
112263821990,"
HERCULES AMAZING Large Statue Stone Cast Handmade Garden Ornament
","
Statues & Lawn Ornaments
",Active,StoreInventory,NULL
112264635293,"
Female Heron Garden Decoration Rustic Hand Crafte Statue Ornament Outdoor Bird
","
Statues & Lawn Ornaments
",Active,StoreInventory,NULL
121583775662,"Large Sheep Garden Ornament. Choose Sean or Sally","
Statues & Lawn Ornaments
",Active,FixedPrice,NULL
121599299590,"
RATTAN GARDEN FURNITURE SET SOFA CHAIRS TABLE CONSERVATORY OUTDOOR PATIO WICKER
","
Furniture Sets
",Active,StoreInventory,"CHEAPEST IN THE UK - JANUARY SALE - LIMITED STOCK"
121611211313,"
New 3 SWAN Planters Garden / Lawn Art Plant pots White Plastic Union Products
","
Statues & Lawn Ornaments
",Active,StoreInventory,NULL
121628040397,"
'Three Little Pigs' Realistic Resin Piglet Garden Ornaments - Singles or Set
","
Statues & Lawn Ornaments
",Active,StoreInventory,NULL
121631982264,"
Cast Iron Owl Bird Garden Ornament Metal Wall Mountable Owl Animal Ornaments
","
Statues & Lawn Ornaments
",Active,StoreInventory,NULL
121746793394,"
Contemporary White Gloss Cherry Garden Ornament. 3 Sizes
","
Statues & Lawn Ornaments
",Active,FixedPrice,NULL
121896411598,"Mr Rabbit cast iron garden ornament.","
Statues & Lawn Ornaments
",Active,FixedPrice,NULL
121938305748,"
Garden Cathedral planter circle patio stone herb ,( FREE DEL- NOTE EXCEPTIONS)
","
Baskets, Pots & Window Boxes
",Active,StoreInventory,NULL
121982637871,"Moongazing Hare Garden Ornament. 37cm tall","
Statues & Lawn Ornaments
",Active,FixedPrice,NULL
122004000091,"Mouse House Garden Statue","
Statues & Lawn Ornaments
",Active,StoreInventory,NULL
122016898191,"
Owl Garden Ornament Metal Bronze Statue Solar Powered LED Night Light Lawn Patio
","
Statues & Lawn Ornaments
",Active,FixedPrice,NULL
122016978907,"
9 SEATER RATTAN GARDEN FURNITURE SOFA DINING TABLE SET CONSERVATORY OUTDOOR
","
Furniture Sets
",Active,StoreInventory,"CHEAPEST IN THE UK - JANUARY SALE - LIMITED STOCK"
122093315436,"
10 x MINIATURE LADYBIRD GARDEN ORNAMENT,BONSAI,PLANT POT,FAIRY GARDEN,UK SELLER
","
Statues & Lawn Ornaments
",Active,StoreInventory,NULL
122105034114,"
Celtic Fairy Statue Garden Ornament Stunning Resin Sculpture Indoor Outdoor
","
Statues & Lawn Ornaments
",Active,StoreInventory,NULL
122181760101,"Gargoyle Garden Ornament Statue Figure 18cm","
Statues & Lawn Ornaments
",Active,StoreInventory,NULL
122192494797,"
Carved Wood Mushroom / Toadstool Garden / Home Ornaments
","
Statues & Lawn Ornaments
",Active,StoreInventory,NULL
122201862796,"
Moon Gazing Hare Garden Statue Made from Reconstituted Stone.
","
Statues & Lawn Ornaments
",Active,FixedPrice,NULL
122201876630,"
Sitting Cat Garden Statue. Cast in Iron with an Aged Bronze Finish
","
Statues & Lawn Ornaments
",Active,FixedPrice,NULL
122223595690,"
PAIR Small Proud Lion Pillar Caps Bespoke Hand Cast Stone Garden Ornament Statue
","
Statues & Lawn Ornaments
",Active,FixedPrice,NULL
122227867511,"
Waterproof Rattan Cube Outdoor Garden Furniture 11 pieces Set Rain Cover
","
Furniture Sets
",Active,FixedPrice,NULL
122249011033,"
NEW Bespoke Rose Design Flower Pot Stone Handcast Garden Ornament Koi Patio Home
","
Baskets, Pots & Window Boxes
",Active,StoreInventory,NULL
122249180977,"
Large 3 Pieces Dragon Statue Garden Ornament Stone Decor Handmade Gift Modern
","
Statues & Lawn Ornaments
",Active,StoreInventory,NULL
122253331737,"
Set of 3 Wise Monkeys Speak See Hear No Evil Stone Cast Garden Ornament Bespoke
","
Statues & Lawn Ornaments
",Active,StoreInventory,"Quality Assured and Backed by Customer Feedback"
122254013461,"
Cherub Solar Light Garden Butterfly Decorative Ornament
","
Statues & Lawn Ornaments
",Active,StoreInventory,NULL
122254691794,"
Standing Gargoyle Statue Garden Ornament - Stone - Decor - Handmade - Mystique
","
Statues & Lawn Ornaments
",Active,StoreInventory,NULL
122270494683,"garden statue Large Bulldog","
Statues & Lawn Ornaments
",Active,FixedPrice,NULL
122272710488,"
3 Piece Crocodile Cast Stone garden ornament Garden Feature. Statue, Decorative
","
Statues & Lawn Ornaments
",Active,FixedPrice,NULL
122272735544,"
fairy pixie 16""tall 5kg antiqued solid stone garden/indoors ornament
","
Statues & Lawn Ornaments
",Active,FixedPrice,NULL
122274120419,"
Large Staffy Dog Garden Ornament Cast Stone Pet Memorial Bespoke Gift Idea Koi
","
Statues & Lawn Ornaments
",Active,StoreInventory,NULL
122276583234,"
Pair Of Half Urns Flower Pots Garden Ornament - Handmade - Decor - Fantasy
","
Statues & Lawn Ornaments
",Active,StoreInventory,NULL
122280426180,"
Pair of Elephant Flower Pots in Green Garden Ornament Stone Decor Fun Animal
","
Statues & Lawn Ornaments
",Active,StoreInventory,NULL
122286229843,"
Half Urn Flower Pot Stone Planter Classic Gift Garden Ornament Handmade Decor
","
Baskets, Pots & Window Boxes
",Active,StoreInventory,NULL
122287617049,"Flapping Flamingo Garden Ornament.","
Statues & Lawn Ornaments
",Active,FixedPrice,NULL
122290479816,"
Set of 3 Large Buddhas - No See Hear Speak - Garden Ornament - Oriental - Statue
","
Statues & Lawn Ornaments
",Active,StoreInventory,NULL
122295429236,"
Eagle Statue Garden Ornament Animal Stone Bird Proud Handmade
","
Statues & Lawn Ornaments
",Active,StoreInventory,NULL
122296918798,"Dragonstone Judy Garden Ornament","
Statues & Lawn Ornaments
",Active,StoreInventory,NULL
122296920278,"Dragonstone Punch Garden Ornament","
Statues & Lawn Ornaments
",Active,StoreInventory,NULL
122298183437,"
Sausage Dog Dachshund Garden Ornament Stone Decor Handmade Gift Pet Memorial New
","
Statues & Lawn Ornaments
",Active,StoreInventory,NULL
122303340374,"
NEW Small Round Column Base Plinth Garden Ornament Statue Stone Cast Koi Decor
","
Statues & Lawn Ornaments
",Active,StoreInventory,"
Best Quality Assured and Backed by Customer Feedback
"
122304703309,"garden fairies","
Statues & Lawn Ornaments
",Active,AuctionWithBIN,NULL
131494423571,"
Aluminium Lightweight Chrome Bistro Sets Table Chair Patio Garden Outdoor Silver
","
Furniture Sets
",Active,StoreInventory,NULL
131730258692,"Majestic Metal Peacock Garden Ornament. 91cm tall","
Statues & Lawn Ornaments
",Active,FixedPrice,NULL
131768922403,"
Pair Vintage Gold English Stone Standing Lion Garden Statues On Roman Plinths
","
Statues & Lawn Ornaments
",Active,StoreInventory,NULL
131789874313,"
2 Fine Vintage Pedigree Poodle Dog Hand Finished English Stone Garden Statues
","
Statues & Lawn Ornaments
",Active,StoreInventory,NULL
131827913090,"
Pair Of Rustic Hedge Peeper Gargoyle Wall Hanging Garden Ornament Gift
","
Statues & Lawn Ornaments
",Active,FixedPrice,NULL
131846321150,"
BLACK RATTAN GARDEN FURNITURE SET SOFA RECLINING CHAIRS CONSERVATORY OUTDOOR
","
Furniture Sets
",Active,StoreInventory,NULL
131860710926,"
Conservatory Papaver range Rattan garden furniture set 9 seater dining set Grey
","
Other Garden & Patio Furniture
",Active,StoreInventory,"
High back / Grey / Thick Cushion / Large table : sale !
"
131873666942,"
Pair Large Vintage French Rococo Stone Garden Planter Vase Urns On Plinths
","
Statues & Lawn Ornaments
",Active,StoreInventory,NULL
131880339086,"
BROWN RATTAN GARDEN FURNITURE SET SOFA + RECLINING CHAIRS CONSERVATORY OUTDOOR
","
Furniture Sets
",Active,StoreInventory,"Early Bird deal! When its gone its gone!!!"
131897718812,"
Beautiful Set of 3 Sitting Flower Fairies Fairy Garden Ornament Gift
","
Statues & Lawn Ornaments
",Active,FixedPrice,NULL
131936085200,"
NEW Conservatory MODULAR 8 Seater Rattan Corner Sofa Set Garden Furniture grey
","
Furniture Sets
",Active,StoreInventory,"Early Bird deal! When its gone its gone!!!"
131949033864,"
Pair Of Flower Fairies Leaning On Toadstool Set A Fairy Garden Ornament Gift
","
Statues & Lawn Ornaments
",Active,FixedPrice,NULL
132046582818,"
Stone garden set of 3 wise monkeys see hear speak no evil statues ornaments
","
Statues & Lawn Ornaments
",Active,FixedPrice,NULL
132047622034,"Stone Garden Gargoyle sitting Garden Ornament","
Statues & Lawn Ornaments
",Active,FixedPrice,NULL
132048459680,"Garden gnome / ornament Smurfette","
Statues & Lawn Ornaments
",Active,FixedPrice,NULL
132049222969,"
Large stone garden bird robin red breast great christmas gift
","
Statues & Lawn Ornaments
",Active,FixedPrice,NULL
132049976024,"
STONE GARDEN SLEEPING LOTUS BUDDHA BUDDAH STATUE ORNAMENT 1
","
Statues & Lawn Ornaments
",Active,FixedPrice,NULL
132049976048,"
Stone Garden Ornament Large Elephant Sitting Statue Wildlife
","
Statues & Lawn Ornaments
",Active,FixedPrice,NULL
132050293109,"
Man Fishing Stone Garden Ornament Fisherman Fish Statue Carp Trout
","
Statues & Lawn Ornaments
",Active,FixedPrice,NULL
132061174669,"
DECORATIVE 30CM GARDEN ARMILLARY GLOBE SPHERE- PATIO / ORNAMENT - OUTDOOR USE
","
Statues & Lawn Ornaments
",Active,StoreInventory,NULL
141594589453,"
Peeping Puppy Garden Ornament Dog Decoration Plant Pot Outdoor Weatherproof
","
Statues & Lawn Ornaments
",Active,FixedPrice,NULL
141606587069,"
4 X RATTAN GARDEN FURNITURE DINING CHAIRS SET OUTDOOR PATIO CONSERVATORY WICKER
","
Furniture Sets
",Active,StoreInventory,"CHEAPEST IN THE UK - JANUARY SALE - LIMITED STOCK"
141685472704,"
Rocker Lounger Sun Chair Recliner Outdoor Garden Furniture Folding Relaxing Seat
","
Loungers & Recliners
",Active,StoreInventory,"
SUN LOUNGER PATIO POOL LIGHTWEIGHT EASY CLEAN ARMCHAIR
"
141744525068,"
Aluminium Lightweight Chrome Bistro Sets Square Table Chair Patio Garden Outdoor
","
Furniture Sets
",Active,StoreInventory,NULL
141762555257,"
New Design Toscano Mother Doe and Fawn Garden Statue Figure Garden Ornament
","
Statues & Lawn Ornaments
",Active,StoreInventory,NULL
141764533970,"
Dipamkar Metal Wall Art School of Fish Sculpture /Statues Home Garden Ornaments
","
Wall Hangings
",Active,StoreInventory,NULL
141815589942,"
Frog Garden Ornaments Two Designs Available Frog Garden Ornaments NEW
","
Statues & Lawn Ornaments
",Active,FixedPrice,NULL
141837946621,"
RATTAN GARDEN FURNITURE SET CHAIRS SOFA TABLE OUTDOOR PATIO CONSERVATORY WICKER
","
Furniture Sets
",Active,FixedPrice,"CHEAPEST IN THE UK - JANUARY SALE - LIMITED STOCK"
141848717478,"
Conservatory MODULAR 5 Seater Rattan Corner Sofa Set Garden Furniture grey
","
Furniture Sets
",Active,StoreInventory,"Price Drop , FULLY ASSEMBLED, 13cm thick cushion"
141916145888,"
Cockerel Garden Lawn Ornament Metal Patio Figure Decorative Farm Yard Sculpture
","
Chickens
",Active,StoreInventory,NULL
141971312587,"
Budgie Parrot Ornament Sculpture Indoor Outdoor Garden Decor
","
Statues & Lawn Ornaments
",Active,StoreInventory,NULL
141996967454,"INDIAN ELEPHANT GARDEN ORNAMENT","
Statues & Lawn Ornaments
",Active,StoreInventory,NULL
142025954975,"TOADSTOOL MUSHROOM GARDEN ORNAMENT","
Statues & Lawn Ornaments
",Active,StoreInventory,NULL
142032547113,"
2 Matching Vintage French Aged Style Stone Tall Urn Jug Girls Garden Statues
","
Statues & Lawn Ornaments
",Active,StoreInventory,NULL
142052508274,"
Miniature Garden Fairy Garden Dolls House Fantasy Miniature Garden Ornaments NEW
","
Fairies/Pixies
",Active,FixedPrice,NULL
142083719631,"
Santorini Garden Patio Furniture Set 6 Seater 100% Aluminium - 8 Piece Set
","
Furniture Sets
",Active,StoreInventory,NULL
142170026857,"
GREY RATTAN GARDEN FURNITURE SET SOFA + RECLINING CHAIRS CONSERVATORY OUTDOOR
","
Furniture Sets
",Active,StoreInventory,"Early Bird deal! When its gone its gone!!!"
142211055851,"
large king+queen stone/concrete garden ornaments/statues-detailed - Andy's Yard
","
Statues & Lawn Ornaments
",Active,FixedPrice,NULL
142234837712,"
Papaver 6 Seat Rattan Corner Sofa Set Garden Furniture Patio Conservatory Brown
","
Other Garden & Patio Furniture
",Active,StoreInventory,"Early Bird Deal! When it's gone it's gone!!!"
142235487196,"
Lions On Plinths x2, cast stone , Compliment Any Garden, garden ornaments
","
Statues & Lawn Ornaments
",Active,FixedPrice,NULL
142240354176,"Outdoor. Garden sculpture","
Statues & Lawn Ornaments
",Active,FixedPrice,NULL
142240414140,"
CAST IRON GARDEN HERON STATUE GARDEN ORNAMENT GREEN HERON POND ORNAMENT
","
Statues & Lawn Ornaments
",Active,StoreInventory,NULL
142242197804,"
GREY RATTAN GARDEN FURNITURE SET SOFA CHAIRS CONSERVATORY OUTDOOR NEW b1
","
Furniture Sets
",Active,Auction,NULL
151907436202,"Pair of Busts on stands ( garden statue ornament )","
Statues & Lawn Ornaments
",Active,StoreInventory,NULL
151988926015,"
Gardman Tea For Two Folding Garden Table And Chair Set Free Delivery
","
Furniture Sets
",Active,StoreInventory,"Available In Two Colours Country Cream Or Fawn"
151992973864,"
NEW GARDEN RATTAN WICKER OUTDOOR CONSERVATORY FURNITURE SET TABLE CHAIRS BROWN
","
Furniture Sets
",Active,StoreInventory,"**THICK CUSHIONS SUPER SALE****4 COLOURS FREE P&P"
152044309936,"
Egyptian Scarab Beetle Garden Home Plaque Ornament black and gold 22cm
","
Statues & Lawn Ornaments
",Active,FixedPrice,NULL
152059570912,"
METAL BEADED GARDEN HANGING WINDCHIME LADYBIRD BUTTERFLY FLOWER
","
Statues & Lawn Ornaments
",Active,StoreInventory,NULL
152068513126,"
Outdoor Novelty Garden Dwarf Gnome Statue Figure Model Ornament Decoration Gift
","
Statues & Lawn Ornaments
",Active,FixedPrice,NULL
152069075651,"
Beautiful Brushed Gold Laying Face Garden Ornament Gift Hand Cast
","
Statues & Lawn Ornaments
",Active,FixedPrice,NULL
152101075935,"GARDEN WHISTLING GNOME - MOTION SENSOR ORNAMENT","
Statues & Lawn Ornaments
",Active,StoreInventory,NULL
152136837876,"
Set of 2 Cute Purple Fairies Garden Fairy Ornament Gift Magical Pixie
","
Statues & Lawn Ornaments
",Active,FixedPrice,NULL
152152245374,"Appollo Bust on stand( garden statue ornament )","
Statues & Lawn Ornaments
",Active,StoreInventory,NULL
152169284093,"
large terracotta Campana style urns ( planters garden pots)
","
Statues & Lawn Ornaments
",Active,StoreInventory,NULL
152191939330,"
Set of 3 13cm Standing Flower Fairies Beautiful Fairy Garden Ornament
","
Statues & Lawn Ornaments
",Active,FixedPrice,NULL
152223577953,"
Gothic Style Fairy Queen Door & 2 Windows Garden Ornament
","
Statues & Lawn Ornaments
",Active,FixedPrice,NULL
152224008858,"
Pink Round Fairy Door With 2 Matching Windows Garden Ornament Gift
","
Statues & Lawn Ornaments
",Active,FixedPrice,NULL
152232095255,"
Beautiful Lilac & Pink Fairies Set Of Four Fairy Garden Ornament Gift
","
Statues & Lawn Ornaments
",Active,FixedPrice,NULL
152341090443,"
Pair Mice Cast Iron Garden Ornament Statue Metal 10 cm Mouse Wall Black New
","
Statues & Lawn Ornaments
",Active,StoreInventory,NULL
152355888292,"
Easter Island Heads , Leaning Pair. Garden Ornament
","
Statues & Lawn Ornaments
",Active,FixedPrice,NULL
152364487078,"Garden Camper Van Planter","
Statues & Lawn Ornaments
",Active,FixedPrice,NULL
152389393032,"CANADA GOOSE GARDEN HOME ORNAMENT","
Statues & Lawn Ornaments
",Active,FixedPrice,NULL
161696166307,"
TWIN GARDEN RATTAN WICKER OUTDOOR CONSERVATORY FURNITURE SET TABLE CHAIRS BROWN
","
Table & Chair Sets
",Active,StoreInventory,"
**START OF SEASON SUPER SALE*** TWIN SOFA 3 COLOURS
"
162008556525,"
Ornamental Garden Decorative Blue Tit - Bird Ornament
","
Statues & Lawn Ornaments
",Active,StoreInventory,NULL
162014977511,"
2 X Giant Garden Ladybird Plastic Garden Ornament Decorations Tree Fence Wall
","
Statues & Lawn Ornaments
",Active,StoreInventory,NULL
162178289225,"
Ornamental Garden Decorative Partridge - Bird Ornament
","
Statues & Lawn Ornaments
",Active,StoreInventory,NULL
162201342610,"Garden Gnome With Axe - The Woodsman - Exhart","
Statues & Lawn Ornaments
",Active,StoreInventory,NULL
162228780073,"
Rattan 4 Piece Sofa Set For Garden Conservatory Patio with Table Brand New
","
Furniture Sets
",Active,StoreInventory,NULL
162259317293,"Ornamental Garden Decorative Cow - Cow Ornament","
Statues & Lawn Ornaments
",Active,StoreInventory,NULL
162259317296,"
Ornamental Garden Decorative Seagull - Bird Ornament
","
Statues & Lawn Ornaments
",Active,StoreInventory,NULL
162262950471,"
25 kg Dawn Chorus Peanuts for Wild Bird Nuts / Garden Bird Feed
","
Food/ Seed
",Active,StoreInventory,"Aflatoxin Tested - Grade A Premium Quality"
162310841485,"
Ornamental Garden Decorative Pigeon - Bird Ornament
","
Statues & Lawn Ornaments
",Active,StoreInventory,NULL
162318958474,"
39cm DHYANA HAND POSITION YOGA BUDDHA STATUE CAST STONE GARDEN ORNAMENT
","
Statues & Lawn Ornaments
",Active,FixedPrice,NULL
162318958476,"STADDLESTONE STATUE CAST STONE GARDEN ORNAMENT","
Statues & Lawn Ornaments
",Active,FixedPrice,NULL
162318958481,"
DECORATiVE PIER CAP FINIAL 48cm HEIGHT - CAST STONE GARDEN
","
Statues & Lawn Ornaments
",Active,FixedPrice,NULL
162318958490,"
LARGE 3 PIECE CAST STONE GOTHIC URN VASE, WEIGHS 80KG!!!!! GARDEN ORNAMENTS
","
Statues & Lawn Ornaments
",Active,FixedPrice,NULL
162318958497,"
SQUARE CAST STONE GOTHIC POT, CAST STONE GARDEN URN VASE
","
Statues & Lawn Ornaments
",Active,FixedPrice,NULL
162319308638,"
SET OF 6 RED LADYBIRDS/BUGS & BEE WALL ART DECOR FOR HOME/GARDEN/FENCE
","
Statues & Lawn Ornaments
",Active,FixedPrice,NULL
162320810262,"
Ornamental Garden Decorative Chicken - Bird Ornament
","
Statues & Lawn Ornaments
",Active,StoreInventory,NULL
162329148106,"Ornamental Garden Decorative Robin - Bird Ornament","
Statues & Lawn Ornaments
",Active,StoreInventory,NULL
162329148111,"Ornamental Garden Decorative Heron - Bird Ornament","
Statues & Lawn Ornaments
",Active,StoreInventory,NULL
162335467285,"
Large Garden Statue * Garden Ornament conservatory with Rustic Oak & wax finish
","
Statues & Lawn Ornaments
",Active,FixedPrice,NULL
162346880416,"
Large Metal Kingfisher Bird Garden/Home Ornament/Statue/Sculpture 33cm
","
Statues & Lawn Ornaments
",Active,FixedPrice,NULL
162346929096,"
Metal Peeping Quirky Owl Fence Sitter Fun Garden Ornament Gift
","
Statues & Lawn Ornaments
",Active,FixedPrice,NULL
162347047297,"
Large Bronze Finish Metal Hedgehog Ornament For Garden Or Home 36cm
","
Statues & Lawn Ornaments
",Active,FixedPrice,NULL
162347404356,"
Gothic angel on plinth garden ornament home or garden victorian
","
Statues & Lawn Ornaments
",Active,FixedPrice,NULL
162353226223,"stone window,garden ornament,garden statue","
Statues & Lawn Ornaments
",Active,FixedPrice,NULL
162354787544,"
Large Metal Seagull Bird Garden/Home Ornament/Statue/Sculpture Decor 42cm
","
Statues & Lawn Ornaments
",Active,FixedPrice,NULL
171415198078,"
large MADONNA AND CHILD RELIGIOUS STATUE GARDEN ORNAMENT 61cm/24"" H
","
Statues & Lawn Ornaments
",Active,FixedPrice,NULL
171535145716,"
Aphrodite Garden Statue and Plinth. Garden Ornaments. Garden Sculpture.
","
Statues & Lawn Ornaments
",Active,FixedPrice,NULL
171572277390,"
Robert Garden Statue. Garden Ornaments. Garden Sculpture.
","
Statues & Lawn Ornaments
",Active,StoreInventory,NULL
171826028577,"
Extra-Large Golden Buddha Buda Budua Head Statue Ornament for Home Garden Patio
","
Statues & Lawn Ornaments
",Active,StoreInventory,NULL
171844776061,"
OUTDOOR GARDEN DINING PATIO FURNITURE SETS RATTAN TABLE CHAIRS SOFA SET JARDER
","
Furniture Sets
",Active,StoreInventory,"
PREMIUM QUALITY - MASSIVE DISCOUNTS - ULTIMATE LUXURY
"
171974279353,"Recycled Metal Bee Garden Ornament","
Statues & Lawn Ornaments
",Active,StoreInventory,NULL
172205173452,"
Long Legged Frogs Outdoor Ornaments for Shelf Garden Pot Plants Pond Patio D05
","
Statues & Lawn Ornaments
",Active,StoreInventory,NULL
172216145355,"
T-Rex Tyrannosaurus Large Metal steel dinosaur kit/model/ornament/garden/puzzle
","
Statues & Lawn Ornaments
",Active,StoreInventory,NULL
172221952140,"
Wooden Garden Dining Set 7 Piece Table And Chairs Outdoor Folding Wood Patio Set
","
Furniture Sets
",Active,StoreInventory,NULL
172265543909,"
3 Metal Rusty style Mushroom Toadstool fungi Garden Ornament Ideal Garden
","
Statues & Lawn Ornaments
",Active,StoreInventory,NULL
172283340276,"
NEW Solid Wooden Garden Patio 6 ft Table ( Chairs Not Included )
","
Furniture Sets
",Active,StoreInventory,NULL
172343176857,"Garden Hedgehog Ornament- NEW","
Statues & Lawn Ornaments
",Active,StoreInventory,NULL
172390380938,"
Stone Cat Kitten Garden Ornament Home Patio Lawn Gift Remembrance Keepsake
","
Statues & Lawn Ornaments
",Active,StoreInventory,NULL
172398554811,"
Whippet dog lying down statue garden ornament frostproof stone 61cm/2ft long
","
Statues & Lawn Ornaments
",Active,FixedPrice,NULL
172400262872,"
Stone Tortoise Turtle Ornament for Home & Garden Christmas Present xmas Gift
","
Statues & Lawn Ornaments
",Active,StoreInventory,NULL
172401123778,"
XXXL Stone Boy Sculpture Ornament Home & Garden Gift - Keepsake Remembrance xmas
","
Statues & Lawn Ornaments
",Active,StoreInventory,NULL
172401437195,"
Stone Bird Ornament Home Garden Lawn Patio Statue Gift Keepsake Remembrance
","
Statues & Lawn Ornaments
",Active,StoreInventory,NULL
172451520407,"Metal Duck with Shears & Planter garden ornament","
Statues & Lawn Ornaments
",Active,FixedPrice,NULL
172456531468,"
METAL OUTDOOR BRIGHT COLOURED FLAMINGO GARDEN ORNAMENT
","
Statues & Lawn Ornaments
",Active,FixedPrice,NULL
172468188035,"
Stone Large Sleeping Cat Garden Lawn Ornament Present Keepsake Gift Remembrance
","
Statues & Lawn Ornaments
",Active,StoreInventory,NULL
172473136387,"FROG ON SWING GARDEN ORNAMENT DECORATION","
Statues & Lawn Ornaments
",Active,FixedPrice,NULL
172475157465,"owl garden ornament","
Statues & Lawn Ornaments
",Active,Auction,NULL
172475538803,"Panama Ratten round 4 seater garden furniture","
Furniture Sets
",Active,FixedPrice,NULL
172480242394,"Fairy with Lantern 60cm garden ornament","
Statues & Lawn Ornaments
",Active,FixedPrice,NULL
172480452383,"Garden ornament,Quirky VW Camper, planter","
Statues & Lawn Ornaments
",Active,FixedPrice,NULL
172482426737,"Large 19"" Cherub in Shell garden ornament","
Statues & Lawn Ornaments
",Active,FixedPrice,NULL
181100562930,"
Allibert Keter Carolina Rattan Garden Furniture Set Anthracite or Brown
","
Furniture Sets
",Active,StoreInventory,"Now with a Free Cushion Storage box!!"
181605350521,"
Owl Garden Statue. Garden Ornaments. Garden Sculpture.
","
Statues & Lawn Ornaments
",Active,StoreInventory,NULL
181823498906,"
Solar Garden Patio Beautiful Cherub statue Ornament Flowing Water Effect Lawn
","
Statues & Lawn Ornaments
",Active,FixedPrice,NULL
181990378630,"
4 Seater Patio Set Garden Furniture, Chairs, Table, Umbrella, Parasol FS6PB
","
Furniture Sets
",Active,FixedPrice,NULL
182135291534,"
Baby Dragon Garden Ornament Stone Effect Statue Figures Outdoor Indoor Deco D02
","
Statues & Lawn Ornaments
",Active,StoreInventory,NULL
182230892718,"
DOG PLANTER GARDEN ORNAMENT OUTDOOR METAL & RESIN RUSTIC STYLE QUIRKY
","
Statues & Lawn Ornaments
",Active,StoreInventory,NULL
182269143724,"Digger Dog Garden Ornament","
Statues & Lawn Ornaments
",Active,StoreInventory,NULL
182385402224,"Mushroom Set of 3 Family Garden Ornaments SN2772","
Statues & Lawn Ornaments
",Active,FixedPrice,NULL
182397052956,"
Alexander Rose Garden Furniture Bespoke Roble Top 4 Seater Round Set
","
Furniture Sets
",Active,FixedPrice,NULL
182407967287,"Weather Vane for the Garden","
Statues & Lawn Ornaments
",Active,Auction,NULL
182412857725,"
Garden Wooden Furniture Table + 2 Bench + 2 Chairs (B 73)
","
Furniture Sets
",Active,FixedPrice,NULL
182413764014,"
Large Bronze Stag Deer Looking Right Ornament Sculpture Garden SN1161
","
Statues & Lawn Ornaments
",Active,FixedPrice,NULL
191366998557,"
PAIR HUGE ETOSHA LION GATEKEEPERS STONE GARDEN STATUES
","
Statues & Lawn Ornaments
",Active,StoreInventory,NULL
191474922108,"WALL GIRL GARDEN STATUE ORNAMENT","
Statues & Lawn Ornaments
",Active,StoreInventory,NULL
191625346636,"
Gardensity Topiary Animal Moss Frame Artificial Outdoor Garden Ornament Statue
","
Venue Decorations
",Active,StoreInventory,NULL
191761410162,"
Reconstituted Stone Dragon,lovely detail,garden ornament,price includes delivery
","
Statues & Lawn Ornaments
",Active,StoreInventory,NULL
191783636675,"
12 x Decorative Garden Gnome FROGS/ELVES/SITTING/FAIRY Outdoor Ornament Feature
","
Statues & Lawn Ornaments
",Active,FixedPrice,NULL
191796335611,"
VERY LARGE STONE WEAVE BASKET PLANTER GARDEN ORNAMENT
","
Statues & Lawn Ornaments
",Active,StoreInventory,NULL
191835739449,"TULIP VASES ON PLINTHS PLANTER POT GARDEN ORNAMENT","
Statues & Lawn Ornaments
",Active,StoreInventory,NULL
191850851551,"
BEAUTIFUL ""AT PEACE"" GARDEN STONE SCULPTURE ORNAMENT
","
Statues & Lawn Ornaments
",Active,StoreInventory,NULL
191856367899,"BOY AND GIRL STONE STATUES GARDEN ORNAMENTS","
Statues & Lawn Ornaments
",Active,StoreInventory,NULL
191869800151,"
beautiful large angel,concrete,garden ornament,guardian angel
","
Statues & Lawn Ornaments
",Active,StoreInventory,NULL
191893293344,"
RATTAN WICKER CONSERVATORY OUTDOOR GARDEN FURNITURE PATIO CUBE TABLE CHAIR SET
","
Furniture Sets
",Active,StoreInventory,"
**OUR LOWEST PRICE**+ FREE COVER+ thick pillow cushions
"
191921980162,"
LARGE ITALIAN DANCER STONE GARDEN STATUE WOMAN FIGURE
","
Statues & Lawn Ornaments
",Active,StoreInventory,NULL
191935150693,"
reconstituted stone bench (concrete),curved woodland design,garden seat
","
Statues & Lawn Ornaments
",Active,StoreInventory,NULL
191947255582,"PAIR CLASSIC STONE LIONS GARDEN STATUE ORNAMENT","
Statues & Lawn Ornaments
",Active,StoreInventory,NULL
191967516012,"VERY LARGE JAPANESE GARDEN BONSAI PLANTER POT KOI","
Statues & Lawn Ornaments
",Active,StoreInventory,NULL
192026962961,"DRAGON VERY LARGE STONE MYTHICAL GARDEN ORNAMENT","
Statues & Lawn Ornaments
",Active,StoreInventory,NULL
192047000615,"
NEW STUNNING STONE HORSE GARDEN STATUE ORNAMENT EQUINE
","
Statues & Lawn Ornaments
",Active,StoreInventory,NULL
192057623418,"Alfresia Monaco Wooden Garden Furniture Set for 6","
Furniture Sets
",Active,FixedPrice,NULL
192059044625,"
MYSTICAL GARDEN ELF TREE PEEKER NOVELTY GARDEN ORNAMENT FENCE OR SHED DECORATION
","
Statues & Lawn Ornaments
",Active,StoreInventory,NULL
192071020893,"Concrete Griffin Garden Ornament","
Statues & Lawn Ornaments
",Active,FixedPrice,NULL
192073170049,"
MUPPETS - Waldorf and Statler garden ornament by SLOTZ - ""RARE"" - MINT CONDITION
","
Statues & Lawn Ornaments
",Active,FixedPrice,NULL
201109051947,"
Angel - ""Kiss of an Angel"" - Hand Cast Stone Garden Ornament - 6 inches tall
","
Statues & Lawn Ornaments
",Active,StoreInventory,NULL
201123983365,"
Pair of Rabbit Animal Garden Ornaments Cast Iron Verdigris Finish Bunnies
","
Statues & Lawn Ornaments
",Active,StoreInventory,NULL
201298961923,"
Bright Red Terracotta Strawberry Fruit Garden or Home Ornament
","
Statues & Lawn Ornaments
",Active,StoreInventory,NULL
201393944357,"THAI BUDDHA LARGE GARDEN ORNAMENT STATUE","
Statues & Lawn Ornaments
",Active,StoreInventory,NULL
201455475377,"SCANIA TIPPER LORRY GARDEN ORNAMENT PLANTER","
Statues & Lawn Ornaments
",Active,StoreInventory,NULL
201552036864,"PAIR OF STONE CHERUB POTS PLANTER GARDEN ORNAMENT","
Statues & Lawn Ornaments
",Active,StoreInventory,NULL
201581483807,"
GARGOYLE GATE GUARDIANS (PAIR) GARDEN STATUE ORNAMENT
","
Statues & Lawn Ornaments
",Active,StoreInventory,NULL
201589319504,"
Large 68cm 'Praying Angel' Polystone Garden or Indoor Ornament X 1
","
Statues & Lawn Ornaments
",Active,StoreInventory,NULL
201653574232,"
CLASSIC WEAVE POTS ON PLINTHS PLANTER GARDEN ORNAMENT
","
Statues & Lawn Ornaments
",Active,StoreInventory,NULL
201711236566,"BUDDHA FULL SIZE VERY Large STONE GARDEN STATUE","
Statues & Lawn Ornaments
",Active,StoreInventory,NULL
201711761383,"
LARGE STONE WISHING WELL GARDEN ORNAMENT includes round base
","
Statues & Lawn Ornaments
",Active,StoreInventory,NULL
201731868756,"Memory Urn Garden Planter","
Statues & Lawn Ornaments
",Active,StoreInventory,NULL
201741012731,"
GARGOYLES ON PLINTHS STONE MYTHICAL GARDEN STATUE ORNAMENT
","
Statues & Lawn Ornaments
",Active,StoreInventory,NULL
201763237774,"Teddy Bear Garden Ornament - New","
Statues & Lawn Ornaments
",Active,FixedPrice,NULL
201770601480,"
Detailed Antique Brown Cast Iron Hedgehog Garden Ornament
","
Statues & Lawn Ornaments
",Active,FixedPrice,NULL
201771160910,"
PAIR DRAGON GATEKEEPERS GARGOYLE GARDEN ORNAMENT FINIAL
","
Statues & Lawn Ornaments
",Active,StoreInventory,NULL
201777397373,"A Rattle snake garden ornament","
Statues & Lawn Ornaments
",Active,FixedPrice,NULL
221619547999,"
STONE GARDEN STAFFORDSHIRE BULL TERRIER DOG PUPPY ORNAMENT
","
Statues & Lawn Ornaments
",Active,StoreInventory,NULL
221625985238,"
STONE GARDEN SITTING WAVING CUTE TEDDY BEAR ORNAMENT
","
Statues & Lawn Ornaments
",Active,StoreInventory,NULL
221690669336,"
STONE GARDEN SMALL SET OF 3 WISE MONKEY ORNAMENTS HEAR NO, SEE NO, SPEAK NO EVIL
","
Statues & Lawn Ornaments
",Active,StoreInventory,NULL
221754119035,"
RATTAN GARDEN FURNITURE SET SOFA TABLE CHAIRS PATIO CONSERVATORY OUTDOOR WICKER
","
Other Furniture
",Active,StoreInventory,"AM702 / FINAL SALE"
221840902977,"
CREAM 3 PIECE FOLDING METAL OUTDOOR PATIO BISTRO SET GARDEN FURNITURE SEATING
","
Furniture Sets
",Active,StoreInventory,NULL
221849213939,"
NEW GARDEN RATTAN CUBE DINING SET 8PPL OUTDOOR PATIO CONSERVATORY
","
Furniture Sets
",Active,StoreInventory,"AM504 / MOST POPULAR CUBE SET!!"
221865651165,"
GARDEN RATTAN SET TABLE CHAIRS OUTDOOR PATIO CONSERVATORY
","
Furniture Sets
",Active,StoreInventory,"AM704 / RED OR BEIGE CUSHIONS, FREE P&P"
221865665426,"NEW GARDEN RATTAN BIG LOUNGE SET","
Furniture Sets
",Active,StoreInventory,"AM705 / GET READY FOR SPRING!!! FREE P&P"
221881559033,"
STONE GARDEN CUTE SITTING BABY ELEPHANT LUCKY ORNAMENT
","
Statues & Lawn Ornaments
",Active,StoreInventory,NULL
222000704702,"
STUNNING LARGE STONE GARDEN LOCH NESS DRAGON ORNAMENT
","
Statues & Lawn Ornaments
",Active,StoreInventory,NULL
222015711637,"
WALL THERMOMETER - INDOOR OUTDOOR GARDEN GREENHOUSE HOME OFFICE ROOM - 14/436/3
","
Thermometers
",Active,StoreInventory,"
*MADE IN THE UK* BRANNAN - UK MANUFACTURERS SINCE 1913!
"
222040846341,"STONE GARDEN PAIR OF BIRD DOVE PIGEON ORNAMENTS","
Statues & Lawn Ornaments
",Active,StoreInventory,NULL
222076052871,"
NEW GARDEN RATTAN FURNITURE SET TWO SOFA TWO CHAIRS TWO TABLES
","
Other Garden & Patio Furniture
",Active,StoreInventory,"AM707 / BIG SET SMALL PRICE"
222084872288,"
Luxury Cube Rattan Dining Set Garden Furniture Patio Conservatory Wicker Outdoor
","
Furniture Sets
",Active,StoreInventory,"
REDUCED TO CLEAR QUICK DELIVERY MORE THAN 1000 SOLD
"
222088959188,"
STONE GARDEN BRITISH BULLDOG DOG WITH BRITISH FLAG PUPPY ORNAMENT
","
Statues & Lawn Ornaments
",Active,StoreInventory,NULL
222121081182,"
Garden Fairy Mushroom House Solar Decorative Ornament Secret Christmas Gift
","
Statues & Lawn Ornaments
",Active,StoreInventory,NULL
222152461690,"NEW GARDEN RATTAN CUBE DINING SET 8PPL / AM506","
Other Garden & Patio Furniture
",Active,StoreInventory,"AM506 | NEW DESIGN | NEW PRICE"
222207533621,"
Complete Fairy Garden House Miniature Kit with Zinc Planter Small Grey
","
Statues & Lawn Ornaments
",Active,StoreInventory,NULL
222222232331,"
Pair Of Pink Lawn Pond Flamingo Plastic Garden Party Ornaments Decor 77cm
","
Statues & Lawn Ornaments
",Active,StoreInventory,NULL
222233950588,"
4PC Rattan Sofa Dining Set Garden Furniture Patio Conservatory Wicker Outdoor
","
Furniture Sets
",Active,StoreInventory,NULL
222244532354,"
STONE GARDEN PAIR OF SITTING GREYHOUND DOGS ORNAMENTS / FINIALS
","
Statues & Lawn Ornaments
",Active,StoreInventory,NULL
222249225886,"
STONE GARDEN PAIR OF GEORGIAN STYLE FINIALS PILLAR CAP PIER ORNAMENTS
","
Statues & Lawn Ornaments
",Active,StoreInventory,NULL
222260131673,"Colourful Metal Frogs Doing Yoga Garden Ornament","
Statues & Lawn Ornaments
",Active,StoreInventory,NULL
222270641259,"
Pair Of Cast Iron Wall Mounted Gecko Lizard Garden Ornaments In A Rusty Finish
","
Statues & Lawn Ornaments
",Active,StoreInventory,NULL
222272856353,"
Pair of Small Realistic Detailed Resin Tortoises Garden Ornament Animal Feature
","
Statues & Lawn Ornaments
",Active,StoreInventory,NULL
222274629028,"
6X Flower Fairy Pixie Women Fly Wing Family Miniature Dollhouse Garden Ornament
","
Other Garden Ornaments
",Active,FixedPrice,NULL
222280283051,"
RATTAN GARDEN FURNITURE SOFA TABLE CHAIRS PATIO CONSERVATORY OUTDOOR WICKER
","
Other Garden & Patio Furniture
",Active,StoreInventory,"AM702 / MOST POPULAR SET ON EBAY!!!"
222288774385,"
Metal Chicken Hen Garden Ornament Hand Painted Free Delivery
","
Statues & Lawn Ornaments
",Active,StoreInventory,NULL
222289178220,"Kingfisher Metal Garden Ornament","
Statues & Lawn Ornaments
",Active,StoreInventory,NULL
222330974736,"Marks and Spencer Mosaic Bistro Garden Table","
Furniture Sets
",Active,FixedPrice,NULL
222331268015,"
HAND CARVED WOODEN DUCKS BAMBOO ROOT GARDEN ORNAMENTS HOME GIFT
","
Statues & Lawn Ornaments
",Active,StoreInventory,NULL
222345104346,"
Pair Of Cast Iron Gecko Lizard Garden Ornaments In A Rusty Finish
","
Statues & Lawn Ornaments
",Active,StoreInventory,NULL
222348822567,"
Robin Red Cute Garden Ornament Carved Wood Effect Resin
","
Statues & Lawn Ornaments
",Active,StoreInventory,NULL
222354306674,"
Reconstituted Cast Stone Hippo Garden Ornament or Feature
","
Statues & Lawn Ornaments
",Active,FixedPrice,NULL
222358462786,"
Black Iridescent Stained Glass Stainless Steel Garden ornament sculpture
","
Statues & Lawn Ornaments
",Active,FixedPrice,NULL
222365339859,"Life size Cow statue, ornament, garden, home,","
Cattle
",Active,StoreInventory,NULL
222365339862,"
Shark head statue, wall mounted, ornament, figurine, garden, home
","
Statues & Lawn Ornaments
",Active,StoreInventory,NULL
222365339869,"
Larger than life French Bulldog statue, ornament, figurine, garden, home
","
Statues & Lawn Ornaments
",Active,StoreInventory,NULL
222365339876,"
Life size Cow with Calf statue, ornament, garden, home,
","
Cattle
",Active,StoreInventory,NULL
222365339880,"
Spiderman figure, statue, ornament, garden, advertising
","
Statues & Lawn Ornaments
",Active,StoreInventory,NULL
222367633553,"
Garden Table Chair Set Modern Outdoor Furniture Tea Cafe Breakfast Folding Patio
","
Furniture Sets
",Active,StoreInventory,NULL
222369697422,"Robin Metal Bird. Garden Ornament.","
Statues & Lawn Ornaments
",Active,StoreInventory,NULL
222372112038,"
Stag Cast Iron statues sculptur on balls beautiful garden ornaments
","
Statues & Lawn Ornaments
",Active,FixedPrice,NULL
222373871297,"
Vintage Outdoor Garden Statues Ornament Animal Hare Rabbit Sculpture Large 48cm
","
Statues & Lawn Ornaments
",Active,StoreInventory,NULL
231173203716,"
Outdoor Garden Solar Powered Angel and Lantern With Wings & Amber LED Lantern
","
Statues & Lawn Ornaments
",Active,StoreInventory,NULL
231182663537,"
Stainless Steel Sphere Garden Ornament Mirror Gazing Globe Floating Ball Outdoor
","
Statues & Lawn Ornaments
",Active,StoreInventory,"Free 2 Year Warranty & Free Next Day Delivery!"
231487453540,"GORGEOUS BADGER GARDEN ORNAMENT - RESIN - NEW","
Statues & Lawn Ornaments
",Active,StoreInventory,NULL
231594333976,"
Metal Resin SHEEP Lamb Farm Yard Animal Patio Sculptures Garden Ornament Statue
","
Other Garden Ornaments
",Active,StoreInventory,NULL
231611240768,"
ROBIN REDBREAST GARDEN ORNAMENT BEAUTIFULLY DETAILED GARDEN BIRD - NEW
","
Statues & Lawn Ornaments
",Active,StoreInventory,NULL
231726616201,"
Tortoise Sundial Garden Large Lightweight Novelty Decoration Ornament
","
Sundials
",Active,FixedPrice,NULL
231876236792,"
Duck Wheelbarrow Plant Pot Garden Patio Animal Farmyard Ornament Metal Planter
","
Statues & Lawn Ornaments
",Active,StoreInventory,NULL
232186158725,"
Praying Angel, Cherub Indoor or Outdoor Garden Ornament NEW
","
Statues & Lawn Ornaments
",Active,FixedPrice,NULL
251703344245,"
BRAND NEW BABY MEERKAT LAYING WITH SUPERMEERKAT OUTFIT GARDEN ORNAMENT
","
Other Wild Animals
",Active,StoreInventory,NULL
252095709599,"
BRAND NEW REALISTIC RESIN TARANTULA SPIDER GARDEN ORNAMENT
","
Statues & Lawn Ornaments
",Active,StoreInventory,NULL
252114095494,"BRAND NEW METAL COCKEREL GARDEN ORNAMENT (92)","
Statues & Lawn Ornaments
",Active,StoreInventory,NULL
252275872744,"
Cute Dragon Wall Hanging Hand - Cast Stone Garden Ornanment
","
Statues & Lawn Ornaments
",Active,StoreInventory,NULL
252275885098,"Large Hedgehog - Garden Ornament - Hand Cast","
Statues & Lawn Ornaments
",Active,StoreInventory,NULL
252290386757,"Fan Buddha Statue - Stone Buddha - Garden Buddha","
Statues & Lawn Ornaments
",Active,StoreInventory,NULL
252290412387,"
Pair of Gondwana Lions - Garden Ornament - Stone Lion
","
Statues & Lawn Ornaments
",Active,StoreInventory,NULL
252290545996,"BRAND NEW DINOSAUR TRICERATOPS GARDEN ORNAMENT","
Statues & Lawn Ornaments
",Active,StoreInventory,NULL
252296091935,"
Large Easter Island Stone Head - Garden Moai - Easter Island Head
","
Statues & Lawn Ornaments
",Active,StoreInventory,NULL
252296120126,"Stone Mega Buddha - Stone Buddha - Garden Buddha","
Statues & Lawn Ornaments
",Active,StoreInventory,NULL
252304805546,"
Stone Boy & Girl ""Windy Day with Brolly- Garden Ornament
","
Statues & Lawn Ornaments
",Active,StoreInventory,NULL
252304807127,"Set of 3 Wise Monkey Ornaments - Garden Ornament","
Statues & Lawn Ornaments
",Active,StoreInventory,NULL
252306485484,"Stone Cherub - Garden Statue - Stone Cherub Statue","
Statues & Lawn Ornaments
",Active,StoreInventory,NULL
252324090717,"Stone 1 Tier Pagoda - Stone Pagoda - Garden Pagoda","
Statues & Lawn Ornaments
",Active,StoreInventory,NULL
252325285346,"BRAND NEW KNIGHT BABY MEERKAT GARDEN ORNAMENT","
Other Wild Animals
",Active,StoreInventory,NULL
252328637770,"
Stone Concrete Imp on Front - Stone Statue - Garden Pixie
","
Statues & Lawn Ornaments
",Active,StoreInventory,NULL
252334852398,"
Stone GWR Steam Train & Wagon Stone - Statue Garden Ornament
","
Statues & Lawn Ornaments
",Active,StoreInventory,NULL
252338736096,"
Baby Laying and Baby Standing Meerkat Garden Ornament Twin Pack
","
Statues & Lawn Ornaments
",Active,FixedPrice,NULL
252339381918,"
Stone Griffin with Chain Statue - Stone Statue - Garden Statue
","
Statues & Lawn Ornaments
",Active,StoreInventory,NULL
252345734481,"
Girl Wearing Orange Dungarees and Sun Hat Metal Garden Planter
","
Statues & Lawn Ornaments
",Active,FixedPrice,"
Order Before 3pm for FREE Next Working Delivery! A++
"
252355180405,"Stone 2 Tier Pagoda - Stone Pagoda - Garden Pagoda","
Statues & Lawn Ornaments
",Active,StoreInventory,NULL
252359606593,"Ganesh Elephant - Stone Ganesh - Garden Ganesh","
Statues & Lawn Ornaments
",Active,StoreInventory,NULL
252362602442,"
Animal Garden Ornament Farmyard Chicken Pig Duck Metal Distressed Sculpture NEW
","
Statues & Lawn Ornaments
",Active,StoreInventory,NULL
252363004547,"
BRAND NEW BLUE TIT DENIM SHORTS PLANTER/PLANT POT GARDEN ORNAMENT
","
Baskets, Pots & Window Boxes
",Active,StoreInventory,NULL
252363465055,"BRAND NEW BLACKBIRD GARDEN ORNAMENT","
Garden Birds
",Active,StoreInventory,NULL
252368172620,"3 Wise Monkeys Garden Ornaments - Hand Cast","
Statues & Lawn Ornaments
",Active,StoreInventory,NULL
252370764649,"
50cm Metal Sheep Garden Ornament Farm Yard Animal Patio Decor Outdoor Christmas
","
Statues & Lawn Ornaments
",Active,StoreInventory,NULL
252379572162,"
Stone Granger Statue - Stone Griffin - Garden Griffin
","
Statues & Lawn Ornaments
",Active,StoreInventory,NULL
252384698818,"Fire Engine Garden Ornament Planter","
Statues & Lawn Ornaments
",Active,StoreInventory,NULL
252418445139,"Pop Up Mole - Garden Ornament - Hand Cast","
Statues & Lawn Ornaments
",Active,StoreInventory,NULL
252435459432,"
Verano Cupid - Stone Sculpture Ornament - Large Garden Cherub Boy Statue
","
Statues & Lawn Ornaments
",Active,StoreInventory,NULL
252435887693,"
Solar Powered Outdoor LED Garden Gnome Ornament Decoration Light Spotlight Lamp
","
Statues & Lawn Ornaments
",Active,StoreInventory,NULL
252443394948,"
Lady Falkonetta - Stone Sculpture Ornament - Large Garden Woman Statue
","
Statues & Lawn Ornaments
",Active,StoreInventory,NULL
252443406630,"
Three Goddess - Stone Sculpture Figure Ornament - Large Garden Women Statue
","
Statues & Lawn Ornaments
",Active,StoreInventory,NULL
252551810522,"
4xPiece Rattan Sofa Set with Table for Garden Conservatory Patio Grey *BIG SALE*
","
Furniture Sets
",Active,StoreInventory,NULL
252570043229,"Garden Ornament - Concrete anvil","
Statues & Lawn Ornaments
",Active,StoreInventory,NULL
252592890115,"
Large Stoneware Outdoor Garden Statues Ornament Sculpture Sleeping Cat 35cm
","
Statues & Lawn Ornaments
",Active,StoreInventory,NULL
252613382393,"BRAND NEW CRICKETER MEERKAT GARDEN ORNAMENT","
Other Wild Animals
",Active,StoreInventory,NULL
252649216405,"BRAND NEW BOXER DOG GARDEN ORNAMENT","
Boxer
",Active,StoreInventory,NULL
252681635918,"Recycled Metal Sausage Dog Garden Ornament","
Sculptures
",Active,FixedPrice,NULL
252684938283,"Recycled Metal Warthog Garden ornament sculpture","
Statues & Lawn Ornaments
",Active,StoreInventory,NULL
252687096975,"Pair Of Metal Birds Cast Iron Garden Ornament","
Statues & Lawn Ornaments
",Active,FixedPrice,NULL
252690254904,"
fairy garden ornament holding lantern. cast in resin. bronze effect finish
","
Statues & Lawn Ornaments
",Active,FixedPrice,NULL
252692381414,"Hunter Statue - Stone Statue - Garden Statue","
Statues & Lawn Ornaments
",Active,StoreInventory,NULL
252692386789,"Three Graces Statue - Stone Statue - Garden Statue","
Statues & Lawn Ornaments
",Active,StoreInventory,NULL
252694115522,"
FAIRY STANDING GARDEN ORNAMENT, CAST IN RESIN. Aged Bronze Finish
","
Statues & Lawn Ornaments
",Active,FixedPrice,NULL
252695011864,"
WHITE RABBIT Alice in wonderland garden ornament, sculpture
","
Statues & Lawn Ornaments
",Active,FixedPrice,NULL
252707365613,"
FAIRY GARDEN ORNAMENT WOODLAND FAIRY GARDEN SCULPTURE, CAST RESIN
","
Statues & Lawn Ornaments
",Active,StoreInventory,NULL
252707365623,"
Kingfisher Garden Sculpture Cast Iron Garden Ornament Bronze Effect
","
Statues & Lawn Ornaments
",Active,StoreInventory,NULL
252712423239,"
Large Pixie Garden Ornament, Sculpture. Gnome Goblin Cheeky
","
Statues & Lawn Ornaments
",Active,FixedPrice,NULL
252712424617,"
deers garden ornament stag and doe aluminium sculptures.
","
Statues & Lawn Ornaments
",Active,FixedPrice,NULL
252712634230,"
Large pixie sleeping Garden Ornament. ASK FOR DELIVERY QUOTE.
","
Statues & Lawn Ornaments
",Active,FixedPrice,NULL
252714164616,"
deers garden ornaments. large set of two. stag and doe. cast alluminium,
","
Statues & Lawn Ornaments
",Active,FixedPrice,NULL
252714387911,"
Metal Cranes Garden Ornament, Cast Iron Ornament. Birds
","
Statues & Lawn Ornaments
",Active,FixedPrice,NULL
252716945473,"
Shabby Chic Metal Tricycle Planter Stand Garden Ornament Bike Basket Flower Pots
","
Baskets, Pots & Window Boxes
",Active,StoreInventory,NULL
252718346855,"
Pixie Riding Snail Garden Ornament. Cast In Resin. Bronze Effect
","
Statues & Lawn Ornaments
",Active,FixedPrice,NULL
252719729268,"
Fairy standing with Lantern Large Garden Sculpture Cast Resin Garden Ornament
","
Statues & Lawn Ornaments
",Active,StoreInventory,NULL
252720540255,"Fox Garden Ornament Cast Aluminium, Bronze Effect","
Statues & Lawn Ornaments
",Active,FixedPrice,NULL
252720541080,"
Cat Afraid Of Mouse Garden Ornament. Sculpture Bronze Effect
","
Statues & Lawn Ornaments
",Active,FixedPrice,NULL
252721015523,"Recycled Metal Hedgehog Garden Ornament","
Statues & Lawn Ornaments
",Active,FixedPrice,NULL
261217751153,"
(NEW) Pair Of Proud Lions~Garden Stone Ornaments~Large Sitting Lions~
","
Statues & Lawn Ornaments
",Active,StoreInventory,NULL
261551518450,"BRAND NEW METAL PHEASANT GARDEN ORNAMENT","
Statues & Lawn Ornaments
",Active,StoreInventory,NULL
261666755372,"Garden Ornament - Concrete Tractor Planter","
Statues & Lawn Ornaments
",Active,StoreInventory,NULL
261902550962,"
43cm Vintage Moon Gazing March Hare Outdoor Garden Animal Ornament Animal Statue
","
Statues & Lawn Ornaments
",Active,StoreInventory,NULL
261911147698,"
Rattan Garden Furniture Set Sofa Conservatory Outdoor Wicker Patio Weave
","
Other Garden & Patio Furniture
",Active,StoreInventory,"**ORDER NOW**! 3 YEARS WARRANTY! ***Also WHITE***"
261961146917,"
Outdoor Garden Solar Powered Angel & LED Lantern Memorial Grave Gravestone Gift
","
Statues & Lawn Ornaments
",Active,StoreInventory,NULL
261976848512,"
Gardenwize Pug Puppy Dog with Water Pump Solar Garden Patio Animal Ornament
","
Statues & Lawn Ornaments
",Active,StoreInventory,NULL
261987185383,"BRAND NEW DREAMING BLACK CAT GARDEN ORNAMENT","
Ornaments
",Active,StoreInventory,NULL
262015778306,"
Rattan Garden Furniture Set Sofa Outdoor Conservatory Patio Wicker Table Corner
","
Other Garden & Patio Furniture
",Active,StoreInventory,"
SPECIAL SALE ***3 YEARS WARRANTY*** Also WHITE
"
262091972883,"
BRAND NEW RED FOOTBALL ROMPER SUIT MEERKAT GARDEN ORNAMENT
","
Statues & Lawn Ornaments
",Active,StoreInventory,NULL
262184962836,"
BRAND NEW BABY DRAGON GARDEN ORNAMENT AVAILABLE IN 3 COLOURS
","
Dragons
",Active,StoreInventory,NULL
262398211611,"
BRAND NEW HEDGEHOG BOOT PLANTER/PLANT POT GARDEN ORNAMENT
","
Baskets, Pots & Window Boxes
",Active,StoreInventory,NULL
262402001563,"BRAND NEW SMALL BLACKBIRD GARDEN ORNAMENT","
Garden Birds
",Active,StoreInventory,NULL
262406712176,"
(NEW)Stone Dogs~Hunting Dogs~Garden Ornaments~Bespoke~ collection from doncaster
","
Statues & Lawn Ornaments
",Active,StoreInventory,NULL
262421620618,"
BRAND NEW SACK PLANTER/PLANT POT GARDEN ORNAMENT ROBIN OR BLUE TIT
","
Baskets, Pots & Window Boxes
",Active,StoreInventory,NULL
262453735520,"
Gardenwize Garden Yard Patio Porch Solar Light Duck Post Bucket Welcome Ornament
","
Statues & Lawn Ornaments
",Active,StoreInventory,NULL
262475058567,"
RATTAN EFFECT GARDEN BISTRO PATIO DINNING TABLE AND CHAIRS SET
","
Other Garden & Patio Furniture
",Active,StoreInventory,"
WESTBURY VENICE HAVANA GARDEN PATIO BISTRO EGG CHAIR
"
262526035861,"BRAND NEW HUSKY LYING GARDEN ORNAMENT","
Siberian Husky
",Active,StoreInventory,NULL
262526049863,"
BRAND NEW SCOTTISH BAGPIPER MEERKAT GARDEN ORNAMENT
","
Other Wild Animals
",Active,StoreInventory,NULL
262536674589,"
Rattan Garden Furniture Set Sofa Conservatory Outdoor Wicker Patio Weave White
","
Other Garden & Patio Furniture
",Active,StoreInventory,"by LuxuryGarden **ORDER NOW**! 3 YEARS WARRANTY!"
262540595857,"
Rattan Garden Furniture Set 3 Seater Sofa Conservatory Outdoor Wicker Patio
","
Other Garden & Patio Furniture
",Active,StoreInventory,"UNBELIEVABLE PRICE - OVERSTOCK CLEARANCE"
262563035918,"
Antique Vintage Cast Iron Outdoor Garden Statue Ornament Animal Large Sculpture
","
Statues & Lawn Ornaments
",Active,StoreInventory,NULL
262637230179,"BRAND NEW ROBIN SNOWBALL GARDEN ORNAMENT","
Figurines
",Active,StoreInventory,NULL
262708282246,"
Lion with Shield Garden Ornament Statue Sculpture Stone Cast Bespoke Unique Aged
","
Statues & Lawn Ornaments
",Active,FixedPrice,NULL
262708352955,"
Fancy Column / Plinth / Base Handmade Garden Ornament Statue Stone Cast Aged
","
Statues & Lawn Ornaments
",Active,FixedPrice,NULL
262709558915,"
Life Size Greyhound Dog Garden Ornament Statue Sculpture Stone Cast
","
Statues & Lawn Ornaments
",Active,FixedPrice,NULL
262717592222,"
Large Guardian Gargoyle On Plinth Stone Cast Garden Ornament Ghotic Dragon Decor
","
Statues & Lawn Ornaments
",Active,FixedPrice,NULL
262717872279,"
Pair of Life Size Greyhound Garden Ornament Statue Sculpture Stone Hand Cast
","
Statues & Lawn Ornaments
",Active,FixedPrice,NULL
262731863822,"
2 Large Welcome Lions Stone Garden Ornament Handcast Bespoke Unique Decor
","
Statues & Lawn Ornaments
",Active,FixedPrice,NULL
262733160839,"
Large Lotus Buddha Stone Garden Ornament Detailed Sculpture Handcast Statue Koi
","
Statues & Lawn Ornaments
",Active,StoreInventory,NULL
262733491502,"
Save Water Drink Gin Stone Garden Ornament Funny Gin Man Statue Patio Decor Gift
","
Statues & Lawn Ornaments
",Active,StoreInventory,NULL
262739103164,"
rusty metal forget me not garden stakes. Set Of 3. Hand Finished. 1 Metre Stems
","
Statues & Lawn Ornaments
",Active,FixedPrice,NULL
262757004478,"
Peter Rabbit Fantasy Alice In Wonderland Garden Statue Stone Cast Decor Gift
","
Statues & Lawn Ornaments
",Active,StoreInventory,NULL
262758540308,"
Flower Lady On Column Large Woman Statue Stone Garden Ornament Detailed Decor
","
Statues & Lawn Ornaments
",Active,StoreInventory,NULL
262767107444,"
Tudor Rose - Cast Stone flower-Garden Ornament-Sculpture-Frostproof-Wall Plaque.
","
Statues & Lawn Ornaments
",Active,FixedPrice,NULL
262767886317,"
Gothic Gargoyle. Garden Sculpture. Cast Stone, Orangey gold. Frostproof
","
Statues & Lawn Ornaments
",Active,FixedPrice,NULL
262767925833,"
Leaping Horse, 'Invicta' Wall Plaque. Garden sculpture. Cast Stone. Pinky green
","
Statues & Lawn Ornaments
",Active,FixedPrice,NULL
262778462531,"
Large Rustic Garden Conservatory Sculpture - METAL ROOSTER - 18 "" Tall
","
Statues & Lawn Ornaments
",Active,FixedPrice,NULL
262781467003,"
Small Garden Gnome Sitting with Green or Red Hat Small
","
Statues & Lawn Ornaments
",Active,StoreInventory,NULL
262792350243,"
Fairy standing Large Garden Sculpture Cast Resin Garden Ornament Bronze Effect
","
Statues & Lawn Ornaments
",Active,StoreInventory,NULL
262793091160,"
Hands Up Laughing Buddha Garden Ornament Statue Sculpture Stone Cast Decor Gift
","
Statues & Lawn Ornaments
",Active,StoreInventory,NULL
262794037212,"Stone rugby player garden ornament","
Statues & Lawn Ornaments
",Active,FixedPrice,NULL
262799159915,"
Large Farnese Hercules Statue Mythic Hero Garden Greek Stone Cast Aged Antique
","
Statues & Lawn Ornaments
",Active,StoreInventory,NULL
262801504604,"
Pair of Stone Planters / Garden Urns / Stone Plant Pots / Garden Planters / New
","
Statues & Lawn Ornaments
",Active,FixedPrice,NULL
271370699375,"
RATTAN GARDEN FURNITURE SET SOFA TABLE CHAIRS PATIO CONSERVATORY OUTDOOR WICKER.
","
Power Tools & Equipment
",Active,StoreInventory,NULL
271398321548,"
3D Metal Topiary Frame Flower Chicken Teddy Bear Rabbit Garden Patio Galvanised
","
Statues & Lawn Ornaments
",Active,StoreInventory,"Easter Bunny Mothers Fathers Day Birthday Grandad"
271503227235,"
Rattan Outdoor Garden Furniture Dining Table Set 4 Chairs Conservatory Patio
","
Furniture Sets
",Active,StoreInventory,NULL
271527627241,"
Toscano Squirrel On All Fours - Garden Pond Ornament Statue Feature
","
Statues & Lawn Ornaments
",Active,FixedPrice,NULL
271733681570,"
White Owl Garden Solar Light Ornament Decorative BOXED
","
Statues & Lawn Ornaments
",Active,StoreInventory,NULL
271787068221,"
60cm Premium Cast Stone Welcome Lion Garden Ornament 50KG
","
Statues & Lawn Ornaments
",Active,FixedPrice,"
Order Before 1pm for FREE Next Working Delivery! A++
"
271825194374,"
4PC Rattan Outdoor Garden Furniture Patio Sofa Set Conservatory Table & Chairs
","
Furniture Sets
",Active,StoreInventory,"UK STOCK && 48 HOURS DELIVERY&&HIGH QUALITY"
271840446411,"
Garden Panther Statue Ornament Sculpture Black Garden Outdoor Indoor Patio Home
","
Statues & Lawn Ornaments
",Active,StoreInventory,NULL
271884426798,"
Giant Foo Dogs Oriental Statue Garden Ornament Pair 70KG
","
Statues & Lawn Ornaments
",Active,FixedPrice,NULL
271884437124,"
50cm Armillary Cast Stone Column Garden Ornament 50KG
","
Statues & Lawn Ornaments
",Active,FixedPrice,NULL
272065321948,"
New Shar Pei Pup Dog Vivid Arts Garden Ornament Indoor Outdoor
","
Statues & Lawn Ornaments
",Active,StoreInventory,NULL
272139798117,"
NEW RATTAN GARDEN FURNITURE SET SOFA TABLE CHAIRS / GARDEN PATIO CONSERVATORY
","
Power Tools & Equipment
",Active,StoreInventory,NULL
272180737847,"
Baby Meerkat In Dungarees Vivid Arts Garden Ornament
","
Statues & Lawn Ornaments
",Active,StoreInventory,NULL
272202450904,"
Wooden Decorative Garden Wishing Well with Metal Bucket
","
Statues & Lawn Ornaments
",Active,FixedPrice,NULL
272210858740,"
Baby Meerkat Robin Hood Hero Vivid Arts Garden Ornament Indoor/Outdoor
","
Statues & Lawn Ornaments
",Active,StoreInventory,NULL
272239738285,"
3PC RATTAN GARDEN BISTRO SET CAFE TEA BREAKFAST CHAIR &TABLE SET PATIO CUSHIONS
","
Table & Chair Sets
",Active,StoreInventory,"Clearance SALE!!!! Original Price 159.99"
272241326053,"
RATTAN GARDEN FURNITURE SET 2 CHAIRS 1 SOFA 1 TABLE OUTDOOR PATIO CONSERVATORY
","
Furniture Sets
",Active,StoreInventory,NULL
272276840024,"
4PC Patio Rattan Garden Furniture Set Steel Frame Outdoor Lawn Sofa Chairs Table
","
Furniture Sets
",Active,StoreInventory,NULL
272278309964,"
RATTAN GARDEN FURNITURE SET SOFA TABLE CHAIRS - GARDEN PATIO CONSERVATORY
","
Other Garden & Patio Furniture
",Active,StoreInventory,NULL
272327223380,"
Peacock Bird Vivid Arts Garden Ornament Indoor Outdoor 79.99
","
Statues & Lawn Ornaments
",Active,StoreInventory,NULL
272342038144,"NEW GARDEN RATTAN VASE SET INDOOR OUTDOOR","
Furniture Sets
",Active,StoreInventory,NULL
272344432468,"
Hippo, Hippopotamus Head Lawn Garden Ornament, 22"" Sculpture, Outdoor Statue
","
Hand-Crafted Items
",Active,StoreInventory,NULL
272350767573,"
Design Toscano Kitten Crowd Garden Statue cat ornament
","
Statues & Lawn Ornaments
",Active,FixedPrice,NULL
272350767740,"
Design Toscano Sleeping Cat kitten Garden Statue ornament
","
Statues & Lawn Ornaments
",Active,FixedPrice,NULL
272364749117,"Large Relaxing Fairy Garden Ornament","
Statues & Lawn Ornaments
",Active,FixedPrice,NULL
272387370270,"
LARGE GARDEN HARE ORNAMENT SCULPTURE MOONGAZING HARE BRAND NEW BRONZE HARE
","
Statues & Lawn Ornaments
",Active,StoreInventory,NULL
272390759496,"Large Pair of Swans Garden Ornament","
Statues & Lawn Ornaments
",Active,FixedPrice,NULL
272392730979,"
Winged Resin Dragon Mythical Vivid Arts Garden Ornament
","
Statues & Lawn Ornaments
",Active,StoreInventory,NULL
272399047919,"
Resin Ginger Dreaming Cat Vivid Arts Garden Ornament
","
Statues & Lawn Ornaments
",Active,StoreInventory,NULL
272412092985,"
Sparta Sword Gargoyle Gothic Stoneware Garden Ornament
","
Statues & Lawn Ornaments
",Active,StoreInventory,NULL
272415754099,"
Resin Orange Gheko Lizard Vivid Arts Garden Ornament
","
Statues & Lawn Ornaments
",Active,StoreInventory,NULL
272417394368,"Sparta Small Mushroom Stoneware Garden Ornament","
Statues & Lawn Ornaments
",Active,StoreInventory,NULL
272434542436,"Sparta Praying Buddha Stoneware Garden Ornament","
Statues & Lawn Ornaments
",Active,StoreInventory,NULL
272458935577,"
Large 27"" Hippo, Hippopotamus garden ornament, concrete sculpture ornaments gift
","
Other Garden Ornaments
",Active,StoreInventory,NULL
272478889903,"
Medium Rustic Natural Cast Iron Piglet Garden Statue
","
Statues & Lawn Ornaments
",Active,FixedPrice,NULL
272483643005,"
Design Toscano Jesus, The Good Shepherd Garden Statue - Large
","
Statues & Lawn Ornaments
",Active,FixedPrice,NULL
272483655098,"Real Life XL Boxer Dog Garden Ornament (SizeA)","
Statues & Lawn Ornaments
",Active,FixedPrice,NULL
272486775823,"
Large Concrete Eeyore Garden Memorial Grave Ornament
","
Statues & Lawn Ornaments
",Active,FixedPrice,NULL
272487237007,"
SANDED Wooden Sleeper Outside Or Inside Table And 4 Benches /Garden Furniture
","
Furniture Sets
",Active,FixedPrice,NULL
272493700994,"
mushroom garden ornament - twin bell top ....cast aluminium
","
Statues & Lawn Ornaments
",Active,StoreInventory,NULL
272494341412,"
Garden Rattan Furniture Dining Cube Set For 8PPL With Cushions Outdoor Indoor
","
Furniture Sets
",Active,FixedPrice,"AM504 - NEW DESIGN"
272498711297,"
Large Flamingo Styled Metal Bird Garden Sculpture 89cm
","
Statues & Lawn Ornaments
",Active,FixedPrice,NULL
272513882749,"
DRAGON statue .. garden ornament ....cast aluminium ... harry potter dragon
","
Statues & Lawn Ornaments
",Active,StoreInventory,NULL
272518349092,"
deer garden ornament ... large stag .... cast aluminium statue NEW
","
Statues & Lawn Ornaments
",Active,StoreInventory,NULL
280944653636,"Italian Dancer Statue Large Garden Ornament","
Statues & Lawn Ornaments
",Active,StoreInventory,NULL
280950387878,"
Stone Boy & Girl On Bench Large Garden Ornament Statue
","
Statues & Lawn Ornaments
",Active,StoreInventory,NULL
281755759045,"
Gardenwize Pug Puppy Dogs with Watering Can Solar Garden Patio Animal Ornament
","
Statues & Lawn Ornaments
",Active,StoreInventory,NULL
281857671697,"
COCKEREL Hand Cast Stone Garden Ornament / Statue / Sculpture onefold-uk
","
Statues & Lawn Ornaments
",Active,StoreInventory,NULL
281857706687,"
ELEPHANTS PAIR Handcast Stone Garden Ornament / Statue / Sculpture onefold-uk
","
Statues & Lawn Ornaments
",Active,StoreInventory,NULL
281857709703,"
KING CHARLES Dog Garden Lawn Patio Ornament Frost - Proof Stone onefold-uk
","
Statues & Lawn Ornaments
",Active,StoreInventory,NULL
281857715968,"
SLEEPING WELSH BUDDHA BUDDAH Stone Garden Ornament Statue onefold-uk
","
Statues & Lawn Ornaments
",Active,StoreInventory,NULL
281857719749,"
LARGE ELEPHANT TRUNK DOWN Hand Cast Stone Animal Garden Ornament onefold-uk
","
Statues & Lawn Ornaments
",Active,StoreInventory,NULL
281857722717,"
WISE MONKEYS Speak See Hear No Evil SET OF 3 Stone Garden Ornament onefold-uk
","
Statues & Lawn Ornaments
",Active,StoreInventory,NULL
281896842730,"
GUARDIAN ANGEL Hand Cast Stone Garden Ornament Statue Grave Memorial onefold-uk
","
Statues & Lawn Ornaments
",Active,StoreInventory,NULL
281918049355,"
GIRL and CAT Garden Lawn Patio Ornament Frost Proof Stone Statue onefold-uk
","
Statues & Lawn Ornaments
",Active,StoreInventory,NULL
281923113593,"
LARGE BASKET LADY ON COLUMN Hand Cast Stone Garden Ornament Statue onefold-uk
","
Statues & Lawn Ornaments
",Active,StoreInventory,"ORIGINAL DESIGN - FANTASTIC DETAILS - BEST QUALITY"
281954064846,"
Garden Patio Furniture Set Table & Chairs 5 Piece Folding Hardwood Dining Set
","
Furniture Sets
",Active,StoreInventory,NULL
281959800709,"Peacock Garden Ornament by Smart Garden","
Statues & Lawn Ornaments
",Active,StoreInventory,NULL
281970249057,"
JAPANESE PAGODA LANTERN Bespoke Hand Cast Stone Garden Ornament Koi onefold-uk
","
Statues & Lawn Ornaments
",Active,StoreInventory,NULL
281972630235,"
Jardin Hare. Garden/ house ornament. Gift. Vintage style.
","
Statues & Lawn Ornaments
",Active,StoreInventory,NULL
281973326846,"
LARGE WELCOME LION PAIR Cast Stone Garden Ornament Patio Home Decor onefold-uk
","
Statues & Lawn Ornaments
",Active,StoreInventory,"ORIGINAL DESIGN - PERFECT DETAILS - BEST QUALITY"
281974766906,"Dutch Rabbit Standing Vivid Arts Garden Ornament.","
Statues & Lawn Ornaments
",Active,StoreInventory,NULL
281976046909,"Baby Meerkat Wizard vivid Arts Garden Ornament","
Statues & Lawn Ornaments
",Active,StoreInventory,NULL
281976252586,"Grey Kitten Vivid Arts Garden Ornament","
Statues & Lawn Ornaments
",Active,StoreInventory,NULL
281994483946,"
Gardenwize Solar LED Light Frog Bird Turtle Animal Garden Ornament Decoration
","
Statues & Lawn Ornaments
",Active,StoreInventory,NULL
282003431893,"
Baby Meerkat Astronaut Spaceman Vivid Arts Garden Ornament Indoor/Outdoor
","
Statues & Lawn Ornaments
",Active,StoreInventory,NULL
282017707693,"
Bronze Standing Majestic Stag Statue Facing Left - Cast Iron Garden Feature
","
Statues & Lawn Ornaments
",Active,StoreInventory,NULL
282044065082,"
Gardenwize Garden Yard Patio Solar Puppy Dogs With Globe Ornament Statue
","
Other Garden Lighting
",Active,StoreInventory,NULL
282051853377,"
MEDITATING ANTIQUE BUDDHA BUDDAH Stone Garden Ornament Statue Koi onefold-uk
","
Statues & Lawn Ornaments
",Active,StoreInventory,NULL
282065602857,"
LARGE PROUD LION STATUE PAIR Stone Garden Ornament Patio Home Decor onefold-uk
","
Statues & Lawn Ornaments
",Active,StoreInventory,NULL
282092752274,"
Genuine Rattan 4 Seat Sofa by 'The Cotswold Company' Garden, Conservatory, Patio
","
Furniture Sets
",Active,FixedPrice,NULL
282095359953,"
Various Garden Ornament Gnomes & Planters - Collect them All! Gnome Statue
","
Statues & Lawn Ornaments
",Active,StoreInventory,NULL
282123963200,"
S/2 Koi Carp Fish Indoor Outdoor Garden Statues Ornament Sculpture Figurines
","
Statues & Lawn Ornaments
",Active,StoreInventory,NULL
282130337620,"
Raven Wall Sculpture Garden Statue Ornament Outdoor Decor Patio Black Bird Art
","
Statues & Lawn Ornaments
",Active,StoreInventory,NULL
282147303910,"
Garden Statue Ornament Stone Fairy Sculpture Decorative Toscano Outdoor Figure
","
Statues & Lawn Ornaments
",Active,StoreInventory,NULL
282147862846,"
Design Toscano Quack the Duck Water Spitter Garden Statue bird ornament
","
Statues & Lawn Ornaments
",Active,FixedPrice,NULL
282152602690,"Baby Meerkat Explorer vivid Arts Garden Ornament","
Statues & Lawn Ornaments
",Active,StoreInventory,NULL
282196830877,"
Large Winged Resin Dragon Mythical Vivid Arts Garden Ornament
","
Statues & Lawn Ornaments
",Active,StoreInventory,NULL
282200821657,"
Pet Pal Resin Velociraptor Vivid Arts Garden Ornament
","
Statues & Lawn Ornaments
",Active,StoreInventory,NULL
282221546598,"
Baby Chimpanzee Monkey Runniing Vivid Arts Garden Ornament
","
Statues & Lawn Ornaments
",Active,StoreInventory,NULL
282223505860,"
Vintage Wild Boar Pig Outdoor Garden Sculpture Statue Animal Ornament Large
","
Statues & Lawn Ornaments
",Active,StoreInventory,NULL
282223871955,"
Sparta Ancient Ammonite Fossil Stoneware Garden Ornament
","
Statues & Lawn Ornaments
",Active,StoreInventory,NULL
282241166449,"Sparta Veiled Lady Bust Stoneware Garden Ornament","
Statues & Lawn Ornaments
",Active,StoreInventory,NULL
282247697232,"
Baby Meerkat Singer Vivid Arts Garden Ornament Indoor/Outdoor
","
Statues & Lawn Ornaments
",Active,StoreInventory,NULL
282249989274,"Proud Peacock Home Garden Ornament Feature","
Statues & Lawn Ornaments
",Active,StoreInventory,NULL
282250083480,"
Cast Iron Miniature Cannon Statue Military in Bronze - Garden Gunpowder Ornament
","
Statues & Lawn Ornaments
",Active,StoreInventory,NULL
282265076740,"
Tree Trunk Style FAIRY HOUSE with LED Light - Outdoor Fairy Garden or Indoor
","
Statues & Lawn Ornaments
",Active,FixedPrice,NULL
282268358808,"
Handcrafted metal, rustic butterfly & flower garden stake ornament sculpture
","
Statues & Lawn Ornaments
",Active,StoreInventory,NULL
282273336489,"
Resin Large Elephant Wild Safari Animal Vivid Arts Garden Ornament
","
Statues & Lawn Ornaments
",Active,StoreInventory,NULL
282299751457,"
Handcrafted metal, large dragonfly garden stake ornament sculpture statue
","
Statues & Lawn Ornaments
",Active,StoreInventory,NULL
282299764840,"OUTDOOR GARDEN WOODEN TABLE BENCH SET","
Furniture Sets
",Active,FixedPrice,NULL
282304941939,"
Little Owl Vivid Arts Garden Ornament Indoors Outdoor
","
Statues & Lawn Ornaments
",Active,StoreInventory,NULL
282306408957,"
UN-SANDED Solid Wooden Sleeper Outside Table And Benches /Garden Furniture
","
Furniture Sets
",Active,FixedPrice,"ULTIMATE DOUBLE BENCH MODEL"
282314659239,"
GARDEN SCOOTER PLANTER METAL GARDEN ORNAMENT VESPA MOPED HOME PATIO DECOR
","
Statues & Lawn Ornaments
",Active,StoreInventory,NULL
282315858927,"
Cast Iron Sitting Pig Statue Garden Statue/Ornament/Animal Feature
","
Statues & Lawn Ornaments
",Active,StoreInventory,NULL
282319048608,"
Cherub Garden Ornament Solar Powered Water Effect Statue
","
Statues & Lawn Ornaments
",Active,FixedPrice,NULL
291172475758,"
Wrought Iron And Brass Apple Garden Sculpture Garden Ornament Garden Art Piece
","
Statues & Lawn Ornaments
",Active,StoreInventory,"Please Note - Column and Glasses not included!"
291269994471,"
Sqaure Plinth Latex & Fibreglass Garden Ornament Mould/Mold
","
Statues & Lawn Ornaments
",Active,StoreInventory,NULL
291390743486,"
Cherub In a Shell Garden Ornament - Latex Mould/Mold (CHERUB2)
","
Statues & Lawn Ornaments
",Active,StoreInventory,NULL
291499772128,"
Large Dragon Water Feature Statue Garden Ornament Latex & Fibreglass Mould Item
","
Statues & Lawn Ornaments
",Active,StoreInventory,NULL
291499793311,"
Rustic Barrel Planter Garden Ornament Latex And Fibreglass Mould/Mold
","
Statues & Lawn Ornaments
",Active,StoreInventory,NULL
291566628069,"
Job Lot Assortment Of Latex Garden Ornament Moulds (NEW, INSTOCK)
","
Statues & Lawn Ornaments
",Active,StoreInventory,"FAST SHIPPING ON IN STOCK PRODUCTS SAVE 'S"
291685420454,"
Rustic Brown Cast Aluminium Swan Garden Sculpture Garden Ornament
","
Statues & Lawn Ornaments
",Active,StoreInventory,NULL
291705174452,"Flamingo Garden Ornament by Smart Garden","
Statues & Lawn Ornaments
",Active,StoreInventory,NULL
291744153749,"
5 Pcs Miniature hedgehog Garden Ornament Figurine Fairy Dollhouse Decor
","
Statues & Lawn Ornaments
",Active,StoreInventory,NULL
291755275899,"
New Garden Outdoor Patio Furniture Tulip Design Cast Aluminum Caf Bistro Set
","
Furniture Sets
",Active,StoreInventory,"Introductory Offer/Top Quality/Free Shipping"
291952582717,"Beautiful Wild Boar Cast Resin Garden Sculpture","
Statues & Lawn Ornaments
",Active,FixedPrice,NULL
291974650372,"
Medium Decorative Rustic Iron Mushroom Garden Sculpture
","
Statues & Lawn Ornaments
",Active,FixedPrice,NULL
291978421856,"Metal Garden Stake (Tinkerbell)","
Other Garden Ornaments
",Active,StoreInventory,NULL
291990685140,"
1 x Mini White Bench For Fairy Garden/Dollhouse/Bonsai/ Terrarium Craft UK
","
Statues & Lawn Ornaments
",Active,StoreInventory,NULL
291991951898,"MERMAID GARDEN ORNAMENT","
Statues & Lawn Ornaments
",Active,FixedPrice,NULL
291991952213,"COCKER SPANIEL GARDEN ORNAMENT","
Statues & Lawn Ornaments
",Active,FixedPrice,NULL
291992209046,"butterfly wall hanging garden or indoors","
Statues & Lawn Ornaments
",Active,Auction,NULL
291996789002,"
Star Wars Darth Vader & Stormtrooper Full Set Concrete Garden Ornaments
","
Statues & Lawn Ornaments
",Active,FixedPrice,NULL
291997333096,"
Outdoor Carved Stonework/Garden Ornament/Pair of Resting Greyhounds
","
Statues & Lawn Ornaments
",Active,FixedPrice,NULL
301696286238,"
3PC RATTAN SET GARDEN BISTRO CAFE TEA BREAKFAST CHAIR TABLE PATIO W/CUSHIONS
","
Table & Chair Sets
",Active,StoreInventory,"Clearance SALE!!!! Original Price 159.99"
301735220970,"
Elegant Lions Statues Gatepost Pair Stone Garden Ornaments - Cornwall Stoneware
","
Statues & Lawn Ornaments
",Active,StoreInventory,NULL
301762143389,"
NEW LOW PRICE RRP99 Wizard Statue Garden Ornament Latex And Fibreglass Mould
","
Statues & Lawn Ornaments
",Active,StoreInventory,NULL
301780626657,"
Gargoyle Posing With Sword Statue Garden Ornament Latex & Fibreglass Mould/Mold
","
Statues & Lawn Ornaments
",Active,StoreInventory,NULL
301781281218,"
Rope Stepping Stone Garden Ornament Latex Only Mould/Mold
","
Statues & Lawn Ornaments
",Active,StoreInventory,NULL
301791121913,"
Pair (2) Of Proud Lion Statues Garden Ornament Latex Only Moulds
","
Statues & Lawn Ornaments
",Active,StoreInventory,NULL
301801300588,"
Square & Round Wicker Style Planter Garden Ornament Latex & Fibreglass Moulds x2
","
Statues & Lawn Ornaments
",Active,StoreInventory,NULL
301869497915,"
5 Pcs Miniature ducks Garden Ornament Figurine Fairy Dollhouse Decor
","
Statues & Lawn Ornaments
",Active,StoreInventory,NULL
301922931659,"
6 PEICE GARDEN PATIO OUTDOOR TABLE CHAIRS UMBRELLA FURNITURE TEXTOLINE CHAIR SET
","
Furniture Sets
",Active,StoreInventory,NULL
301927150467,"
SHEEP Lamb Garden Ornament Farmyard Animal Patio Sculptures Statue Metal Resin
","
Statues & Lawn Ornaments
",Active,StoreInventory,NULL
301934104713,"
Large Dining Set Garden Furniture Covers For Sofas, Tables, Footstalls Pick Size
","
Furniture Sets
",Active,StoreInventory,"
 FREE NEXT DAY DELIVERY  PVC BACKED  HIGH QUALITY
"
301972752884,"
4PC Rattan Outdoor Garden Furniture Table & Chairs Patio Sofa Set Conservatory
","
Furniture Sets
",Active,StoreInventory,"UK STOCK&FAST DELIVERY&DURABLE&RETRO STYLE"
301973525048,"
5pc Rattan Patio Set Outdoor Furniture Garden Table+2x Ottomans+2x Chairs
","
Furniture Sets
",Active,StoreInventory,NULL
301975217438,"
Bistro Table and Chairs Patio Set Garden Furniture Vintage Antique Chair Seat
","
Furniture Sets
",Active,StoreInventory,NULL
302006568815,"
See No Evil Orangutan Garden Statue Ornament Latex ONLY
","
Statues & Lawn Ornaments
",Active,StoreInventory,NULL
302021147066,"
Ornamental Garden Decorative Kingfisher - Relistic Metal Bird Statue
","
Statues & Lawn Ornaments
",Active,FixedPrice,NULL
302021636366,"
4PC Patio Rattan Sofa Set Outdoor Garden Furniture Wicker Weave Conservatory
","
Furniture Sets
",Active,StoreInventory,"UK STOCK && BROWN&&HIGH QUALITY"
302049640637,"
4 PCS Rattan Outdoor Patio Furniture Set Table Chair Sofa Cushioned Seat Garden
","
Other Garden & Patio Furniture
",Active,StoreInventory,NULL
302065961376,"
Three Grace Bird Bath (2 Parts) Garden Ornament Latex & Fibreglass
","
Statues & Lawn Ornaments
",Active,StoreInventory,NULL
302112112360,"
Rattan Day Bed Garden Furniture Outdoor Lounger Patio Sofa Sun Roof +Table BLACK
","
Furniture Sets
",Active,StoreInventory,"TRUSTED UK SELLER | BUY IN CONFIDENCE"
302165484854,"shell bird bath concrete garden ornament","
Statues & Lawn Ornaments
",Active,FixedPrice,NULL
302165485575,"JCB planter garden ornaments","
Statues & Lawn Ornaments
",Active,FixedPrice,NULL
302167901878,"Easter Island head large concrete garden ornament","
Statues & Lawn Ornaments
",Active,FixedPrice,NULL
302167904168,"LARGE WORM CONCRETE GARDEN ORNAMENT","
Statues & Lawn Ornaments
",Active,FixedPrice,NULL
302167904674,"Fisherman statue concrete garden ornaments","
Statues & Lawn Ornaments
",Active,FixedPrice,NULL
302169049944,"
Earthenware Terracotta Giant Buddha Head Garden Ornament Statue Decoration.....
","
Statues & Lawn Ornaments
",Active,StoreInventory,NULL
302174846852,"canal boat planter garden ornaments","
Statues & Lawn Ornaments
",Active,FixedPrice,NULL
302184838142,"
Dragon Statue Garden Sculpture Ornament In/Outdoor Stone Finish Gothic Decor
","
Statues & Lawn Ornaments
",Active,FixedPrice,NULL
302184845941,"
Fire Dragon Wall Sculpture Garden In/Outdoor Ornament Asian Oriental Art Decor
","
Statues & Lawn Ornaments
",Active,FixedPrice,NULL
302184974744,"Boy with dog bird bath concrete garden ornament","
Statues & Lawn Ornaments
",Active,FixedPrice,NULL
302187047156,"Large Landrover planter garden ornaments","
Statues & Lawn Ornaments
",Active,FixedPrice,NULL
302189857534,"LARGE EAGLE STONE GARDEN SCULPTURE STATUE","
Statues & Lawn Ornaments
",Active,StoreInventory,NULL
302191942225,"
Humpty Dumpty In/Outdoor Garden Statue Ornament Figure Alice in Wonderland Decor
","
Statues & Lawn Ornaments
",Active,FixedPrice,NULL
302193372033,"
Garden Patio Conservatory New Rattan Garden Furniture Set Table Chairs
","
Furniture Sets
",Active,FixedPrice,NULL
311427251694,"
RATTAN GARDEN FURNITURE SET CHAIRS SOFA TABLE OUTDOOR CONSERVATORY WICKER
","
Other Garden & Patio Furniture
",Active,StoreInventory,"BLACK, BROWN, GRAY, Gradient BROWN"
311621267957,"
Pair of Stone Lurcher Dogs - Garden Statues - Cast Stone Garden Ornament
","
Statues & Lawn Ornaments
",Active,StoreInventory,NULL
311640800258,"
Mini Set of 3 Zombie Garden Gnomes Garden Feature Ornaments Halloween
","
Statues & Lawn Ornaments
",Active,FixedPrice,NULL
311708349978,"
PAIR Stone Pineapple Finial Gate Post Top Garden Ornament Statue Victorian
","
Statues & Lawn Ornaments
",Active,StoreInventory,NULL
311736812693,"
Small Stone Lion - Gate Post Tops - Cast Stone Garden Ornaments
","
Statues & Lawn Ornaments
",Active,StoreInventory,NULL
311775226394,"
Kitten Flower Pot Garden Ornament - Cat in Flower Pot Ornament
","
Statues & Lawn Ornaments
",Active,StoreInventory,NULL
321696518647,"Angel Tea light Holder Garden/Indoor Ornament","
Statues & Lawn Ornaments
",Active,StoreInventory,NULL
322011308807,"
Blue Lizards on a Rock Outdoor decorative Garden Ornament Cement
","
Statues & Lawn Ornaments
",Active,StoreInventory,"Available as a set"
322073623705,"
Rattan Garden Furniture Sofa Set for Conservatory Patio Outdoor Table Wicker
","
Furniture Sets
",Active,StoreInventory,"SPECIAL PRE-ORDER! ***2 YEARS WARRANTY***"
322112040296,"
Mushroom set of 3 Garden Ornaments Realistic Toadstools Ideal for Fairy Gardens
","
Statues & Lawn Ornaments
",Active,StoreInventory,NULL
322142658451,"
Chrome Silver Buddha Head Sculpture Ornament indoor outdoor garden Home
","
Statues & Lawn Ornaments
",Active,StoreInventory,NULL
322203613912,"Real Life Badger Garden Ornament (SizeA)","
Statues & Lawn Ornaments
",Active,FixedPrice,NULL
322218312481,"
Solar Powered Garden Fairy House log colour changing with pixie Mushrooms
","
Statues & Lawn Ornaments
",Active,StoreInventory,"Perfect Christmas Gift!!"
322239030600,"
2 secret Fairy Door Garden Magical Statue Ornament Figurine Fairy Mushrooms
","
Statues & Lawn Ornaments
",Active,StoreInventory,NULL
322256802770,"
Solar Powered Decorative Secret Fairy Garden Ornament Tree Log House colour LED
","
Statues & Lawn Ornaments
",Active,StoreInventory,"Size 19cm Long, 32cm High colour changing LED"
322257692273,"
Garden Ornament Rabbit Hare Sculpture indoor outdoor Wood Effect
","
Statues & Lawn Ornaments
",Active,StoreInventory,"38cm Tall"
322282765845,"
Antique Cast Iron Fictional Animal Garden Statue Ornament/Sculpture
","
Statues & Lawn Ornaments
",Active,FixedPrice,NULL
322289030753,"
Metal Hen and Chicks French Style Garden Stake Silhouette
","
Statues & Lawn Ornaments
",Active,StoreInventory,NULL
322313909695,"
Large Outdoor Decorative Metal Colourful Peacock Tail Up Garden Ornament Statue
","
Statues & Lawn Ornaments
",Active,StoreInventory,NULL
322345545312,"
Set Of Four Mice Ornaments For Home Or Garden Bronze Effect Resin
","
Statues & Lawn Ornaments
",Active,StoreInventory,NULL
322360791778,"
hand carved wooden owl in log garden ornament gift home statue owls hand made
","
Statues & Lawn Ornaments
",Active,StoreInventory,NULL
322371714706,"Peacock garden ornament","
Statues & Lawn Ornaments
",Active,FixedPrice,NULL
330520935927,"Garden Sculptures Ornament Art - Hebe Statue","
Statues & Lawn Ornaments
",Active,StoreInventory,NULL
330681955149,"
Large Garden Statues - Naked Woman Figurine Stone Sculpture
","
Statues & Lawn Ornaments
",Active,StoreInventory,NULL
331755540514,"
Cast Iron Beethoven Garden Statue in Rust/Ornament/Bust Feature/Art/Head/Gift
","
Statues & Lawn Ornaments
",Active,StoreInventory,NULL
331800250051,"
Metal Animal Colin The Cat Ornament by La Hacienda Bright Colours Garden Patio
","
Statues & Lawn Ornaments
",Active,StoreInventory,NULL
331901087540,"
Pair Stone Wren Bird Ornaments Home Garden indoor outdoor Christmas Gift
","
Statues & Lawn Ornaments
",Active,StoreInventory,"High Quality - Same Day Dispatch - Home Decor"
331926473086,"
Complete Fairy Garden House Miniature Kit with Zinc Planter Small Rust
","
Statues & Lawn Ornaments
",Active,StoreInventory,NULL
331953142365,"
Garden Buddha ornament sitting, Solar powered light up large outdoor indoor
","
Statues & Lawn Ornaments
",Active,StoreInventory,NULL
331966219187,"
Mushroom set of 6 Garden Ornaments Realistic Toadstools Ideal for Fairy Gardens
","
Statues & Lawn Ornaments
",Active,StoreInventory,NULL
332012732126,"
Large Wooden Mushroom Garden Patio Ornament Carved Wood Toadstool Sculpture 3780
","
Statues & Lawn Ornaments
",Active,StoreInventory,NULL
332015517471,"
Large Metal Colourful Standing Elephant Garden Ornament
","
Statues & Lawn Ornaments
",Active,StoreInventory,NULL
332034565856,"
Buddha Head Sculpture Ornament indoor outdoor garden Home Decor Stone Ceramic
","
Statues & Lawn Ornaments
",Active,StoreInventory,"Large 30cm x 19cm Rustic Design"
332067804116,"
tortoise tea light holder ornament. garden/house/ashtray
","
Statues & Lawn Ornaments
",Active,FixedPrice,NULL
332073261265,"
La Hacienda Tall Skinny Owl Garden Ornament Home Dcor
","
Statues & Lawn Ornaments
",Active,FixedPrice,NULL
332073752686,"
Grandpa Hedgehog Garden Ornament - TC086 - Hedgehog - Resin
","
Statues & Lawn Ornaments
",Active,StoreInventory,NULL
332073767641,"Mother Fox Garden Ornament - TC144 - Resin","
Statues & Lawn Ornaments
",Active,StoreInventory,NULL
332080132938,"
cougar garden ornament life size ... statue .. cast aluminium
","
Statues & Lawn Ornaments
",Active,StoreInventory,NULL
332081675065,"hippo garden ornament ...... cast aluminium","
Statues & Lawn Ornaments
",Active,StoreInventory,NULL
332081675073,"
chilli pepper statue ... giant 1mtr cast aluminium garden ornament
","
Statues & Lawn Ornaments
",Active,StoreInventory,NULL
332082719526,"
pair of deer garden ornament ... life size stag and doe .... cast aluminium
","
Statues & Lawn Ornaments
",Active,StoreInventory,NULL
332082719527,"
foal garden ornament life size ... horse statue .. cast aluminium
","
Statues & Lawn Ornaments
",Active,StoreInventory,NULL
332082870683,"Mole in Flower Pot Garden Ornament","
Statues & Lawn Ornaments
",Active,StoreInventory,NULL
332083571724,"
Set of 2 Ornamental Decorative Metal Garden Verdigris Herons (Pond, Patio)
","
Statues & Lawn Ornaments
",Active,StoreInventory,NULL
332086886724,"
OUTDOOR MOON SOFA RATTAN CANE WICKER GARDEN FURNITURE BLACK
","
Furniture Sets
",Active,Auction,NULL
332087528098,"
Large Baby Penguin Ornament - Figure - Animal Statue - Resin Garden Ornament
","
Statues & Lawn Ornaments
",Active,StoreInventory,NULL
332087537235,"Owl Garden Ornament - TC155 - Resin","
Statues & Lawn Ornaments
",Active,StoreInventory,NULL
332087584877,"Baby Fox Cub Garden Ornament - TC143","
Statues & Lawn Ornaments
",Active,StoreInventory,NULL
332087782935,"
buddha statue large .. NEW garden ornaments .. cast aluminium
","
Statues & Lawn Ornaments
",Active,StoreInventory,NULL
332087905113,"
Outdoor Garden 4 Seat Cube Dining Chair & Table Set - Black Rattan Patio 210010
","
Furniture Sets
",Active,StoreInventory,NULL
332088053512,"
Brown 2 Seater Rattan Garden Conservatory Sofa and Coffee Table Furniture
","
Furniture Sets
",Active,Auction,NULL
351345366905,"
BEAUTIFUL GARDEN HANGING BUTTERFLY'S IN 3 SIZES, METAL & MOSAIC. MADE IN BALI
","
Statues & Lawn Ornaments
",Active,StoreInventory,NULL
351517538755,"
Metallic Hummingbird Bird Design Wind Garden Ornament Decoration Decor
","
Weathervanes
",Active,FixedPrice,NULL
351568000654,"
Pair of Cute Hedgehogs - Garden Ornament - Hand Cast
","
Statues & Lawn Ornaments
",Active,StoreInventory,NULL
351569025560,"
Submerged Crocadile (Small) - Garden Ornament - Hand Cast
","
Statues & Lawn Ornaments
",Active,StoreInventory,NULL
351594708791,"Miner Mole - Garden Ornament - Hand Cast","
Statues & Lawn Ornaments
",Active,StoreInventory,NULL
351610771318,"
Rattan Furniture Bistro Set Garden Table Chair Patio Outdoor Conservatory Wicker
","
Furniture Sets
",Active,StoreInventory,NULL
351652453003,"
e2e Realistic Pheasant Metal Outdoor Garden Ornament Sculpture Art Decoration
","
Statues & Lawn Ornaments
",Active,FixedPrice,NULL
351670114368,"Fluffy Owl - Garden Ornament - Hand Cast","
Statues & Lawn Ornaments
",Active,StoreInventory,NULL
351694485948,"
Garden Home Yard LED Colour Changing Solar Light Meerkat Ornament Decoration
","
Other Garden Ornaments
",Active,StoreInventory,NULL
351706301248,"
Gardenwize Garden Yard Patio Fairy Bunny Rabbit Memorial Ornament Statue
","
Other Garden Ornaments
",Active,StoreInventory,NULL
351707192689,"
Gardenwize Garden Yard Patio Baby Meerkat Gnome Slide Ornament Decoration
","
Statues & Lawn Ornaments
",Active,StoreInventory,NULL
351718250672,"
Submerged Nessie or Dragon - Garden Ornament - Hand Cast
","
Statues & Lawn Ornaments
",Active,StoreInventory,NULL
351745631473,"
1 X MOTION DETECTOR / SENSOR TWEETING BIRD GARDEN ORNAMENT RANDOM DESIGN
","
Statues & Lawn Ornaments
",Active,StoreInventory,NULL
351747397193,"Submerged Worm - Garden Ornament - Hand Cast","
Statues & Lawn Ornaments
",Active,StoreInventory,NULL
351770400769,"
e2e Small Realistic Hen Cockerel Metal Outdoor Garden Ornament Sculpture Decor
","
Statues & Lawn Ornaments
",Active,FixedPrice,"Statue Ornamental Patio Gift Decoration"
351823055853,"
e2e Rustic Dark Metal Chicken Garden Animal Ornament Statue in 2 Designs
","
Other Garden Ornaments
",Active,FixedPrice,"
Statue Ornamental Patio Gift Decoration Decor Outdoor
"
351841143695,"
e2e Spinning Large Verdigris Spiral Metal Garden Wind Spinner Windmill Flower
","
Windmills & Wind Spinners
",Active,FixedPrice,NULL
351895625799,"Cat Statue - Garden Ornament - Hand Cast","
Statues & Lawn Ornaments
",Active,StoreInventory,NULL
351927452351,"
e2e Pink Flamingo Metal Indoor Outdoor Pond Garden Ornament Sculpture Decoration
","
Statues & Lawn Ornaments
",Active,FixedPrice,NULL
360989954899,"
Cast Iron Flying Pig Animal Garden Ornament Vintage Brown Finish Fun
","
Statues & Lawn Ornaments
",Active,StoreInventory,NULL
361027279284,"
Large Decorative Ornamental Garden Motion Sensor With Sound Farm Birds Animals
","
Statues & Lawn Ornaments
",Active,FixedPrice,NULL
361074286325,"
GREYHOUND DOG HEADS PAIR ON PLINTH STONE Statue GARDEN ORNAMENT frostproof
","
Statues & Lawn Ornaments
",Active,FixedPrice,NULL
361132097605,"
STONE GARDEN BABY OWL / OWLET BIRD DECORATION ORNAMENT
","
Statues & Lawn Ornaments
",Active,StoreInventory,NULL
361139598805,"STONE GARDEN LUCKY SITTING ELEPHANT ORNAMENT","
Statues & Lawn Ornaments
",Active,StoreInventory,NULL
361165625551,"
STONE GARDEN CELTIC MOONGAZING HARE / RABBIT / BUNNY DECORATION ORNAMENT
","
Statues & Lawn Ornaments
",Active,StoreInventory,NULL
361230086996,"
STONE GARDEN MOAI HEAD / EASTER ISLAND HEAD / TIKI STATUE ORNAMENT
","
Statues & Lawn Ornaments
",Active,StoreInventory,NULL
361232372273,"
NEW TWIN RATTAN WICKER CONSERVATORY OUTDOOR GARDEN FURNITURE SET
","
Furniture Sets
",Active,StoreInventory,"**TWIN SOFA ** SAVING 100 **3 COLOURS**"
361240535875,"
Jimmy the Mushroom Collecting Terracotta Garden Gnome Ornament
","
Statues & Lawn Ornaments
",Active,StoreInventory,NULL
361252428946,"
STONE GARDEN SMALL PIG / PIGLET DECORATION ORNAMENT
","
Statues & Lawn Ornaments
",Active,StoreInventory,NULL
361252437963,"STONE GARDEN CART WHEEL STATUE ORNAMENT","
Statues & Lawn Ornaments
",Active,StoreInventory,NULL
361275533528,"
NEW RATTAN WICKER CONSERVATORY OUTDOOR GARDEN FURNITURE SET
","
Furniture Sets
",Active,StoreInventory,"***SUPER THICK CUSHIONS, FREE POSTAGE*** 4 COLOURS"
361314242481,"
STONE GARDEN SMALL JAPANESE LANTERN ORIENTAL PAGODA DECORATION ORNAMENT
","
Statues & Lawn Ornaments
",Active,StoreInventory,NULL
361385562373,"
STONE GARDEN CUTE OWL / OWLET BIRD DECORATION ORNAMENT
","
Statues & Lawn Ornaments
",Active,StoreInventory,NULL
361446911853,"STONE GARDEN HEDGEHOG HEDGE HOG ORNAMENT","
Statues & Lawn Ornaments
",Active,StoreInventory,NULL
361451700816,"
Rattan Sun Lounger Wicker Sofa Chair Table Set Garden Reclining Patio Furniture
","
Furniture Sets
",Active,StoreInventory,NULL
361487729393,"
STONE GARDEN LARGE COCKER SPANIEL DOG STATUE ORNAMENT COLLECTION ONLY
","
Statues & Lawn Ornaments
",Active,StoreInventory,NULL
361496731893,"
STONE GARDEN PAIR OF SLEEPING ANGELS CHERUBS CHILD MEMORIAL ORNAMENTS STATUES
","
Statues & Lawn Ornaments
",Active,StoreInventory,NULL
361496735276,"
STONE GARDEN BEAUTIFUL GREEK LADY STATUE - ROMAN WOMAN GIRL ORNAMENT FIGURE
","
Statues & Lawn Ornaments
",Active,StoreInventory,NULL
361535994526,"
STONE GARDEN PAIR OF SLEEPING BABIES IN WINGS ANGELS CHERUBS MEMORIAL ORNAMENTS
","
Statues & Lawn Ornaments
",Active,StoreInventory,NULL
361548139554,"
Large 28cm Sitting Woodland Brown Polyresin Garden Gnome Statue Ornament
","
Statues & Lawn Ornaments
",Active,StoreInventory,NULL
361587649523,"
e2e Rustic Vintage Stag Design Cast Iron Garden Home Ornament Decoration Decor
","
Decorative Ornaments & Figures
",Active,FixedPrice,"Statue Ornamental Patio Gift Outdoor"
361790699411,"
Green & Brown Garden Gnome Ornaments Two Sizes Available
","
Statues & Lawn Ornaments
",Active,StoreInventory,NULL
361834713807,"
Star Trek GORN and CAPTAIN KIRK Garden Gnome Figure
","
Statues & Lawn Ornaments
",Active,StoreInventory,NULL
361859361416,"
New Lemax -Walking Zombies- Set of 3 / Miniature Garden - Fairy Garden-Halloween
","
Statues & Lawn Ornaments
",Active,StoreInventory,NULL
361861216618,"
Large Black & Pink Striped PIglet Garden Ornament - Pig - TC183 - Resin
","
Statues & Lawn Ornaments
",Active,StoreInventory,NULL
361863815869,"Resin Bunny Rabbit Garden Ornament - TC001","
Statues & Lawn Ornaments
",Active,StoreInventory,NULL
361875496277,"
Ginger Kitten Asleep Garden Ornament - Cat Ornament
","
Statues & Lawn Ornaments
",Active,StoreInventory,NULL
371216799527,"
6 Person Garden Furniture Patio Set Table, 6 Chairs & Parasol
","
Furniture Sets
",Active,FixedPrice,NULL
371301765508,"
Solar Powered Hedgehog on Strawberry / Mushroom Led Light Garden Ornament NEW
","
Statues & Lawn Ornaments
",Active,StoreInventory,NULL
371302513437,"
Toscano Standing Bear Statue - Garden Pond Ornament Statue Feature
","
Statues & Lawn Ornaments
",Active,FixedPrice,NULL
371333764620,"
Traditional Scooter Garden and Home Metal Wall Art 58cm x 50cm
","
Statues & Lawn Ornaments
",Active,FixedPrice,NULL
371447414832,"
Climbing Frog/Toad Outdoor Garden Wall Art (Metal & Stone Statue)
","
Statues & Lawn Ornaments
",Active,FixedPrice,"** Free UK Delivery On ALL Of Our Shop Products **"
371584858420,"
Large 56cm Children on Seesaw Weatherproof Outdoor Garden Ornament
","
Statues & Lawn Ornaments
",Active,FixedPrice,NULL
371588751254,"
Folding Tea for Two Metal Dining Garden Furniture Set
","
Furniture Sets
",Active,FixedPrice,NULL
371595308109,"
Garden Patio Furniture Set 4 Seater Dining Set Parasol Glass Table And Chairs
","
Furniture Sets
",Active,StoreInventory,NULL
371675170735,"
Wooden Sydney Table & Chairs Set Acacia Hardwood Foldable Garden Patio Furniture
","
Furniture Sets
",Active,FixedPrice,"
LIMITED TIME OFFER (75.00 OFF RRP!) UK BASED COMPANY
"
371676214368,"
Robin Garden Bird Ornament Statue (Realistic Metal Style - 27cm Height)
","
Statues & Lawn Ornaments
",Active,FixedPrice,NULL
371836695727,"
Large Brown & White Shetland Pony Garden Ornament - Horse - Resin
","
Statues & Lawn Ornaments
",Active,StoreInventory,NULL
381652194744,"2 very large Campana style garden urns planters","
Statues & Lawn Ornaments
",Active,StoreInventory,NULL
381803500766,"
3 x LARGE MARBLED EFFECT TOADSTOOLS - FAIRY RING - GARDEN - MAGICAL MUSHROOMS
","
Statues & Lawn Ornaments
",Active,FixedPrice,NULL
381884877591,"
large contemporary garden sculpture, wood, wall art, abstract
","
Statues & Lawn Ornaments
",Active,FixedPrice,NULL
381884877601,"
large contemporary garden sculpture, reclaimed wood, abstract art
","
Statues & Lawn Ornaments
",Active,FixedPrice,NULL
391367941805,"
PAIR CHEEKY CHEERFUL FLOWER POT MEN WITH STRAW HAT GARDEN DECORATIVE ORNAMENT
","
Statues & Lawn Ornaments
",Active,StoreInventory,NULL
391436417262,"
Light Brown Rattan Wicker Weave Garden Furniture Conservatory Sofa Set + COVER
","
Furniture Sets
",Active,StoreInventory,"FREE OUTDOOR PROTECTIVE COVER WORTH 49.99"
391551032346,"Cast Iron Rusty Look Butterfly Garden Ornament","
Statues & Lawn Ornaments
",Active,FixedPrice,NULL
391551032514,"Large Gun Dog Garden Ornament","
Statues & Lawn Ornaments
",Active,FixedPrice,NULL
391573880984,"Laying Fairy Garden Ornament","
Statues & Lawn Ornaments
",Active,FixedPrice,NULL
391652931084,"
White Standing Sheep Garden Ornament - Statue - Figure
","
Statues & Lawn Ornaments
",Active,StoreInventory,NULL
391652952305,"Westie Puppy Garden Ornament - Statue - Figure","
Statues & Lawn Ornaments
",Active,StoreInventory,NULL
391656242609,"Snowman Garden Ornament - Figure - Statue","
Statues & Lawn Ornaments
",Active,StoreInventory,NULL
400440107498,"
Garden Toadstool Ornament Coloured Resin Magical Fairy Garden Mushroom Ornaments
","
Statues & Lawn Ornaments
",Active,StoreInventory,NULL
400905608764,"
Polystone Dog Puppy Garden Home Indoor Outdoor Ornament Decoration Ornamental
","
Statues & Lawn Ornaments
",Active,FixedPrice,"Labrador Jack Russell Rottweiler Dalmatian Gift"
401133577766,"
e2e Rustic Vintage Angel Fairy Cast Iron Garden Home Ornament Decoration Decor
","
Decorative Ornaments & Figures
",Active,FixedPrice,"
Statue Sculpture Ornamental Patio Gift Decor Outdoor
"
401134792271,"
Realistic Pheasant Partride Metal Outdoor Garden Ornament Sculpture Decoration
","
Statues & Lawn Ornaments
",Active,FixedPrice,"Statue Ornamental Patio Gift Decor"
401144593068,"
e2e Small Realistic Mallard Duck Metal Outdoor Garden Ornament Sculpture Decor
","
Statues & Lawn Ornaments
",Active,FixedPrice,"Statue Ornamental Patio Gift Decoration"
401186632163,"
Decorative 30cm Garden Armillary Globe Sphere Ornament Patio Antique Style Decor
","
Statues & Lawn Ornaments
",Active,FixedPrice,NULL
401188601371,"
Dark Metal Gnome Gnomes Hanging Wall Art Flower Bed Garden Ornament
","
Garden Plaques & Signs
",Active,FixedPrice,NULL
